Delta,E0_N,E_N,J,M^2,Ms^2,N,O^2,h,identity,t
0.5,-1.0203820892733502,-1.0203820892733502,0,0.40052230408412026,0.18897213937986745,4,2.4478701899899074,0.44,0.3969142523414417,1
0.5204081632653061,-1.0262597396494169,-1.0262597396494169,0,0.4089793594347375,0.1857582877943359,4,2.0153396338387037,0.44,0.2011861940456277,1
0.5408163265306123,-1.0322736403298984,-1.0322736403298984,0,0.4173778301824127,0.1825899524669003,4,2.0455993165428463,0.44,0.36266097928104096,1
0.5612244897959183,-1.0384176764215791,-1.0384176764215791,0,0.42570650629282236,0.17947081282113048,4,1.8863345246008958,0.44,0.41574956415426795,1
0.5816326530612245,-1.0446860247633736,-1.0446860247633736,0,0.43395586474632153,0.17640378255627054,4,1.57040138889223,0.44,0.43394819870777146,1
0.6020408163265306,-1.0510731467428733,-1.0510731467428733,0,0.4421178932305082,0.17339110192258317,4,2.3593166235897285,0.44,0.23974587340105913,1
0.6224489795918368,-1.0575737796907614,-1.0575737796907614,0,0.4501859247139609,0.17043442319856436,4,2.0999627712043143,0.44,0.18478408695570814,1
0.6428571428571428,-1.0641829272318204,-1.0641829272318204,0,0.45815448399191905,0.1675348889846869,4,1.7625818469122354,0.44,0.34045958008327104,1
0.6632653061224489,-1.070895848911146,-1.070895848911146,0,0.466019146697371,0.16469320322605507,4,2.6487576121214134,0.44,0.35401781718481307,1
0.6836734693877551,-1.0777080493601305,-1.0777080493601305,0,0.47377641081910815,0.16190969509644784,4,2.7272552464208575,0.44,0.4101008356026127,1
0.7040816326530612,-1.0846152672192686,-1.0846152672192686,0,0.4814235804376511,0.1591843760322629,4,1.6218941752215967,0.44,0.33267749307518546,1
0.7244897959183674,-1.091613463993372,-1.091613463993372,0,0.4889586611579874,0.15651699030930766,4,2.609263106084583,0.44,0.48357427834193323,1
0.7448979591836735,-1.0986988129792783,-1.0986988129792783,0,0.4963802665648938,0.1539070596192897,4,2.439843804454269,0.44,0.486384300838973,1
0.7653061224489796,-1.105867688375651,-1.105867688375651,0,0.5036875349346978,0.151353922135621,4,1.3961544836336426,0.44,0.4476483897036305,1
0.7857142857142857,-1.1131166546590645,-1.1131166546590645,0,0.5108800553922297,0.14885676656767538,4,1.5928463165246913,0.44,0.3073374918296202,1
0.8061224489795917,-1.120442456289264,-1.120442456289264,0,0.5179578026913125,0.14641466169533243,4,2.5228554612684073,0.44,0.3795697053342987,1
0.8265306122448979,-1.1278420077887974,-1.1278420077887974,0,0.5249210798117491,0.1440265818565883,4,1.2904129325540876,0.44,0.47191328746020783,1
0.846938775510204,-1.1353123842278308,-1.1353123842278308,0,0.5317704675977751,0.14169142883428704,4,2.420347892288372,0.44,0.33569660272474217,1
0.8673469387755102,-1.1428508121332501,-1.1428508121332501,0,0.5385067807062397,0.13940805055661337,4,1.3512960347252323,0.44,0.5073390411199666,1
0.8877551020408163,-1.150454660831837,-1.150454660831837,0,0.5451310291829219,0.1371752569922575,4,1.809703094886463,0.44,0.5402694621492096,1
0.9081632653061225,-1.1581214342296346,-1.1581214342296346,0,0.5516443850389161,0.13499183358677933,4,1.9285535525415514,0.44,0.23217286217592492,1
0.9285714285714286,-1.1658487630241434,-1.1658487630241434,0,0.5580481532533947,0.13285655255284357,4,1.4246610824693744,0.44,0.5580469678888603,1
0.9489795918367346,-1.1736343973410839,-1.1736343973410839,0,0.5643437466825963,0.13076818229452253,4,1.6781091735911295,0.44,0.28672130170199356,1
0.9693877551020408,-1.1814761997845857,-1.1814761997845857,0,0.5705326644062371,0.12872549521525792,4,2.358738883733548,0.44,0.38267897982792265,1
0.9897959183673469,-1.1893721388867167,-1.1893721388867167,0,0.5766164730911619,0.12672727413069282,4,2.0714249303609478,0.44,0.1894416674247626,1
1.010204081632653,-1.1973202829409455,-1.1973202829409455,0,0.5825967909971241,0.12477231748151606,4,1.976082119586864,0.44,0.18523206971929745,1
1.030612244897959,-1.2053187942026562,-1.2053187942026562,0,0.5884752742912639,0.1228594435177977,4,2.3020491187257552,0.44,0.5653731831583356,1
1.0510204081632653,-1.2133659234394996,-1.2133659234394996,0,0.5942536053757839,0.12098749360494498,4,1.907127198843861,0.44,0.1400977175493015,1
1.0714285714285714,-1.221460004813824,-1.221460004813824,0,0.5999334829677956,0.11915533478229569,4,1.7016145116383834,0.44,0.5980105842290628,1
1.0918367346938775,-1.2295994510795358,-1.2295994510795358,0,0.6055166137012167,0.1173618616883167,4,1.5639793804453639,0.44,0.4738464740685643,1
1.1122448979591835,-1.2377827490760007,-1.2377827490760007,0,0.6110047050485232,0.1156059979513105,4,1.8032186536188015,0.44,0.44663093107665874,1
1.1326530612244898,-1.2460084555019213,-1.2460084555019213,0,0.616399459384807,0.1138866971311677,4,2.272839718336198,0.44,0.6154851371438625,1
1.1530612244897958,-1.2542751929527394,-1.2542751929527394,0,0.6217025690387715,0.11220294328601457,4,2.2242510451168402,0.44,0.46462323143351014,1
1.1734693877551021,-1.2625816462055894,-1.2625816462055894,0,0.6269157121947253,0.11055375122730493,4,1.748941037499546,0.44,0.6223444135384821,1
1.193877551020408,-1.2709265587367229,-1.2709265587367229,0,0.6320405495270067,0.10893816651793252,4,2.305853651971399,0.44,0.5401303933652946,1
1.2142857142857142,-1.2793087294567291,-1.2793087294567291,0,0.6370787214634173,0.1073552652601005,4,2.184836611233368,0.44,0.33152443390702,1
1.2346938775510203,-1.2877270096499405,-1.2877270096499405,0,0.6420318459876926,0.10580415371286964,4,2.0288290338306116,0.44,0.6316995491830915,1
1.2551020408163265,-1.2961803001048524,-1.2961803001048524,0,0.6469015169028238,0.1042839677733942,4,2.1757002492851525,0.44,0.3590425691219867,1
1.2755102040816326,-1.3046675484233798,-1.3046675484233798,0,0.6516893024872956,0.10279387235072464,4,1.8588725529391685,0.44,0.16734654477560518,1
1.2959183673469385,-1.3131877464971964,-1.3131877464971964,0,0.6563967444854402,0.1013330606566318,4,1.7408303905218774,0.44,0.6099280609132381,1
1.316326530612245,-1.3217399281403777,-1.3217399281403777,0,0.661025357380912,0.09990075343407709,4,1.6990922429209625,0.44,0.6599355877692908,1
1.3367346938775508,-1.3303231668681261,-1.3303231668681261,0,0.6655766279092984,0.09849619814066925,4,1.7028073087869107,0.44,0.5585236020419201,1
1.3571428571428572,-1.338936573811862,-1.338936573811862,0,0.6700520147717718,0.09711866810160372,4,1.6898572802600818,0.44,0.4510573988297702,1
1.3775510204081631,-1.3475792957617945,-1.3475792957617945,0,0.6744529485170625,0.09576746164416552,4,1.8762517860616708,0.44,0.5623397371103203,1
1.3979591836734693,-1.356250513328657,-1.356250513328657,0,0.6787808315635454,0.09444190122378585,4,1.6601872292562396,0.44,0.6652102738783835,1
1.4183673469387754,-1.3649494392165384,-1.3649494392165384,0,0.6830370383371425,0.09314133254985982,4,1.8009648420019504,0.44,0.4019501512505043,1
1.4387755102040816,-1.3736753165997042,-1.3736753165997042,0,0.6872229155043307,0.09186512371802781,4,1.6640876564399185,0.44,0.6245501619619698,1
1.4591836734693877,-1.3824274175964721,-1.3824274175964721,0,0.6913397822824352,0.09061266435431989,4,1.899403994724038,0.44,0.4437806091137652,1
1.4795918367346939,-1.3912050418337925,-1.3912050418337925,0,0.6953889308120069,0.08938336477546675,4,1.7555675434670748,0.44,0.5924259264676792,1
1.5,-1.4000075150965516,-1.4000075150965516,0,0.699371626578348,0.08817665516875565,4,1.9434819840502628,0.44,0.11813505293618176,1
0.5,-1.1168040259625314,-1.1168040259625314,0,0.2522469456711849,0.18619197329363535,5,3.5171754824452335,0.44,0.2522469456711849,1
0.5204081632653061,-1.1193792078059759,-1.1193792078059759,0,0.2570594835032113,0.1850102827683368,5,3.508955884696042,0.44,0.2570594835032113,1
0.5408163265306123,-1.1220750739279945,-1.1220750739279945,0,0.26213393263830154,0.18377729337367515,5,3.50046117091648,0.44,0.26213393263830154,1
0.5612244897959183,-1.1248935845562786,-1.1248935845562786,0,0.2674764813346877,0.18249286901764056,5,3.491703423939759,0.44,0.2674764813346877,1
0.5816326530612245,-1.1278367384713985,-1.1278367384713985,0,0.2730929857094371,0.18115695580662433,5,3.4826962557893926,0.44,0.2730929857094371,1
0.6020408163265306,-1.13090656499953,-1.13090656499953,0,0.2789888588593107,0.1797695972563013,5,3.4734548959719045,0.44,0.2789888588593107,1
0.6224489795918368,-1.1341051150047936,-1.1341051150047936,0,0.2851689501617481,0.17833095062520685,5,3.4639962699099147,0.44,0.2851689501617481,1
0.6428571428571428,-1.137434450835187,-1.137434450835187,0,0.29163741549927186,0.17684130423593555,5,3.4543390643226073,0.44,0.29163741549927186,1
0.6632653061224489,-1.140896635190872,-1.140896635190872,0,0.29839757959480934,0.1753010955858433,5,3.4445037760706994,0.44,0.29839757959480934,1
0.6836734693877551,-1.1444937189015207,-1.1444937189015207,0,0.3054517921473238,0.17371092997856144,5,3.434512740756243,0.44,0.3054517921473238,1
0.7040816326530612,-1.14822772762246,-1.14822772762246,0,0.31280128000547563,0.17207159933147637,5,3.4243901372349983,0.44,0.31280128000547563,1
0.7244897959183674,-1.1521006474861115,-1.1521006474861115,0,0.32044599819370645,0.1703841007352702,5,3.414161964191054,0.44,0.32044599819370645,1
0.7448979591836735,-1.1561144097768377,-1.1561144097768377,0,0.32838448318521535,0.16864965426356937,5,3.403855985074505,0.44,0.32838448318521535,1
0.7653061224489796,-1.1602708747319017,-1.1602708747319017,0,0.3366137123672402,0.1668697194583737,5,3.393501638041943,0.44,0.3366137123672402,1
0.7857142857142857,-1.1645718146095083,-1.1645718146095083,0,0.34512897412720084,0.16504600985610868,5,3.3831299080958255,0.44,0.34512897412720084,1
0.8061224489795917,-1.1690188962045487,-1.1690188962045487,0,0.35392375335940396,0.16318050487603494,5,3.372773159406875,0.44,0.35392375335940396,1
0.8265306122448979,-1.1736136630326632,-1.1736136630326632,0,0.3629896374049656,0.16127545837411195,5,3.3624649268321516,0.44,0.3629896374049656,1
0.846938775510204,-1.1783575174418919,-1.1783575174418919,0,0.37231624744687564,0.15933340317741865,5,3.3522396668967236,0.44,0.37231624744687564,1
0.8673469387755102,-1.183251702946063,-1.183251702946063,0,0.38189120014819555,0.15735715096230515,5,3.342132469960065,0.44,0.38189120014819555,1
0.8877551020408163,-1.1882972871027624,-1.1882972871027624,0,0.3917001038151118,0.15534978692714754,5,3.3321787368862594,0.44,0.3917001038151118,1
0.9081632653061225,-1.1934951452796396,-1.1934951452796396,0,0.4017265925748251,0.1533146588391706,5,3.3224138252075686,0.44,0.4017265925748251,1
0.9285714285714286,-1.1988459456626244,-1.1988459456626244,0,0.4119524009878779,0.15125536020237787,5,3.312872671420206,0.44,0.4119524009878779,1
0.9489795918367346,-1.2043501358576685,-1.2043501358576685,0,0.4223574801960452,0.14917570749498066,5,3.3035893975752972,0.44,0.4223574801960452,1
0.9693877551020408,-1.2100079314216023,-1.2100079314216023,0,0.432920155194576,0.14707971165097736,5,3.294596911613034,0.44,0.432920155194576,1
0.9897959183673469,-1.2158193066278569,-1.2158193066278569,0,0.44361732118909086,0.14497154419973388,5,3.285926511827512,0.44,0.44361732118909086,1
1.010204081632653,-1.221783987728768,-1.221783987728768,0,0.45442467534749575,0.1428554987151682,5,3.277607506350093,0.44,0.45442467534749575,1
1.030612244897959,-1.2279014489196483,-1.2279014489196483,0,0.46531697869249483,0.14073594844658519,5,3.2696668585320787,0.44,0.46531697869249483,1
1.0510204081632653,-1.234170911142804,-1.234170911142804,0,0.47626834150774466,0.13861730119090063,5,3.2621288685619243,0.44,0.47626834150774466,1
1.0714285714285714,-1.2405913437947116,-1.2405913437947116,0,0.48725252454880713,0.13650395260672982,5,3.2550149005722884,0.44,0.48725252454880713,1
1.0918367346938775,-1.24716146932107,-1.24716146932107,0,0.49824324763856,0.13440023925405795,5,3.248343162932453,0.44,0.49824324763856,1
1.1122448979591835,-1.2538797706053355,-1.2538797706053355,0,0.5092144969368108,0.13231039266208336,5,3.242128547465271,0.44,0.5092144969368108,1
1.1326530612244898,-1.2607445009813296,-1.2607445009813296,0,0.5201408223249868,0.1302384956811416,5,3.2363825311007655,0.44,0.5201408223249868,1
1.1530612244897958,-1.2677536966328309,-1.2677536966328309,0,0.530997616922457,0.12818844226583934,5,3.2311131411182505,0.44,0.530997616922457,1
1.1734693877551021,-1.2749051910860598,-1.2749051910860598,0,0.5417613717027367,0.12616390167418173,5,3.2263249827848406,0.44,0.5417613717027367,1
1.193877551020408,-1.282196631457153,-1.282196631457153,0,0.5524098994299168,0.12416828786386937,5,3.22201932601252,0.44,0.5524098994299168,1
1.2142857142857142,-1.2896254960869302,-1.2896254960869302,0,0.5629225235935952,0.12220473463671123,5,3.2181942457491814,0.44,0.5629225235935952,1
1.2346938775510203,-1.2971891131810394,-1.2971891131810394,0,0.5732802295815487,0.12027607684110696,5,3.2148448092857906,0.44,0.5732802295815487,1
1.2551020408163265,-1.3048846800733658,-1.3048846800733658,0,0.583465776891589,0.11838483770593569,5,3.2119633025604197,0.44,0.583465776891589,1
1.2755102040816326,-1.3127092827438591,-1.3127092827438591,0,0.5934637726555346,0.11653322216040175,5,3.2095394868914005,0.44,0.5934637726555346,1
1.2959183673469385,-1.3206599152467509,-1.3206599152467509,0,0.6032607080545593,0.11472311580412708,5,3.2075608773664097,0.44,0.6032607080545593,1
1.316326530612245,-1.3287334987385808,-1.3287334987385808,0,0.6128449602921404,0.11295608903735274,5,3.206013034308936,0.44,0.6128449602921404,1
1.3367346938775508,-1.3369268998360657,-1.3369268998360657,0,0.6222067636272968,0.11123340574646817,5,3.204879859777843,0.44,0.6222067636272968,1
1.3571428571428572,-1.3452369480776407,-1.3452369480776407,0,0.6313381535468106,0.10955603586585258,5,3.204143891853157,0.44,0.6313381535468106,1
1.3775510204081631,-1.353660452308855,-1.353660452308855,0,0.6402328884797016,0.10792467110114917,5,3.2037865904424203,0.44,0.6402328884797016,1
1.3979591836734693,-1.3621942158566804,-1.3621942158566804,0,0.6488863535536069,0.10633974309731804,5,3.203788609427142,0.44,0.6488863535536069,1
1.4183673469387754,-1.3708350504012956,-1.3708350504012956,0,0.6572954507949168,0.10480144336166208,5,3.204130051089018,0.44,0.6572954507949168,1
1.4387755102040816,-1.3795797884931165,-1.3795797884931165,0,0.6654584799211342,0.10330974430105792,5,3.204790699848169,0.44,0.6654584799211342,1
1.4591836734693877,-1.3884252946983877,-1.3884252946983877,0,0.6733750135064902,0.10186442079762535,5,3.2057502333677084,0.44,0.6733750135064902,1
1.4795918367346939,-1.3973684753862643,-1.3973684753862643,0,0.6810457698585543,0.10046507182184568,5,3.2069884099928574,0.44,0.6810457698585543,1
1.5,-1.4064062871955487,-1.4064062871955487,0,0.6884724864603338,0.09911114166152075,5,3.2084852322825563,0.44,0.6884724864603338,1
0.5,-1.1298779243597656,-1.1298779243597656,0,0.20552419629230623,0.1551363895780149,6,3.1255733123543057,0.44,0.20552419629230623,1
0.5204081632653061,-1.1319606543393552,-1.1319606543393552,0,0.20938606871253795,0.15407920639618644,6,3.1371228180747526,0.44,0.20938606871253795,1
0.5408163265306123,-1.134151996402387,-1.134151996402387,0,0.21351071999663085,0.15296399963784746,6,3.1493083112685096,0.44,0.21351071999663085,1
0.5612244897959183,-1.1364551036080182,-1.1364551036080182,0,0.21791173997155025,0.15178905953883232,6,3.1621477089442416,0.44,0.21791173997155025,1
0.5816326530612245,-1.1388732636250354,-1.1388732636250354,0,0.2226031297061501,0.1505526870723495,6,3.1756585142807046,0.44,0.2226031297061501,1
0.6020408163265306,-1.141409893137532,-1.141409893137532,0,0.2275991916827088,0.14925321846025635,6,3.18985750094882,0.44,0.2275991916827088,1
0.6224489795918368,-1.1440685301837,-1.1440685301837,0,0.2329143906974388,0.14788905419116094,6,3.204760344941671,0.44,0.2329143906974388,1
0.6428571428571428,-1.1468528241137632,-1.1468528241137632,0,0.23856318187483283,0.14645869291239377,6,3.220381200760591,0.44,0.23856318187483283,1
0.6632653061224489,-1.1497665228429417,-1.1497665228429417,0,0.24455980249901993,0.14496077046905823,6,3.2367322202330286,0.44,0.24455980249901993,1
0.6836734693877551,-1.1528134570754578,-1.1528134570754578,0,0.2509180249899624,0.14339410422002544,6,3.253823014276609,0.44,0.2509180249899624,1
0.7040816326530612,-1.1559975211903601,-1.1559975211903601,0,0.2576508693570785,0.14175774255874943,6,3.271660060657845,0.44,0.2576508693570785,1
0.7244897959183674,-1.1593226505125196,-1.1593226505125196,0,0.26477027491730654,0.14005101929885871,6,3.2902460642833766,0.44,0.26477027491730654,1
0.7448979591836735,-1.1627927947475643,-1.1627927947475643,0,0.2722867330223705,0.13827361224675558,6,3.30957928081059,0.44,0.2722867330223705,1
0.7653061224489796,-1.1664118874408869,-1.1664118874408869,0,0.2802088850252513,0.13642560487773306,6,3.3296528193027477,0.44,0.2802088850252513,1
0.7857142857142857,-1.1701838114322725,-1.1701838114322725,0,0.2885430927054048,0.13450754956828265,6,3.350453945103677,0.44,0.2885430927054048,1
0.8061224489795917,-1.174112360419698,-1.174112360419698,0,0.29729299177790275,0.13252053033582356,6,3.371963409765846,0.44,0.29729299177790275,1
0.8265306122448979,-1.1782011969196546,-1.1782011969196546,0,0.30645904276268093,0.13046622253080437,6,3.394154840281706,0.44,0.30645904276268093,1
0.846938775510204,-1.1824538071117034,-1.1824538071117034,0,0.3160380971231578,0.12834694646113978,6,3.416994224454225,0.44,0.3160380971231578,1
0.8673469387755102,-1.1868734532763483,-1.1868734532763483,0,0.32602299984202393,0.12616571156299394,6,3.4404395322896995,0.44,0.32602299984202393,1
0.8877551020408163,-1.191463124765782,-1.191463124765782,0,0.3364022520536733,0.12392624753107176,6,3.464440514047657,0.44,0.3364022520536733,1
0.9081632653061225,-1.196225488670956,-1.196225488670956,0,0.3471597585256958,0.12163301885270957,6,3.4889387133156076,0.44,0.3471597585256958,1
0.9285714285714286,-1.2011628415478555,-1.2011628415478555,0,0.3582746842242288,0.11929121951146456,6,3.5138677276348904,0.44,0.3582746842242288,1
0.9489795918367346,-1.2062770637186728,-1.2062770637186728,0,0.36972144155379216,0.11690674527508475,6,3.5391537395308195,0.44,0.36972144155379216,1
0.9693877551020408,-1.2115695777489817,-1.2115695777489817,0,0.3814698249555061,0.11448614196465355,6,3.5647163274708573,0.44,0.3814698249555061,1
0.9897959183673469,-1.2170413127017332,-1.2170413127017332,0,0.3934853024580639,0.11203652937906404,6,3.5904695499809782,0.44,0.3934853024580639,1
1.010204081632653,-1.2226926756692689,-1.2226926756692689,0,0.4057294648856566,0.10956550203808073,6,3.6163232781109045,0.44,0.4057294648856566,1
1.030612244897959,-1.228523531880995,-1.228523531880995,0,0.41816062342338534,0.1070810094818006,6,3.642184733320372,0.44,0.41816062342338534,1
1.0510204081632653,-1.2345331943831737,-1.2345331943831737,0,0.43073453605766276,0.10459122036773312,6,3.6679601715780787,0.44,0.43073453605766276,1
1.0714285714285714,-1.2407204239034708,-1.2407204239034708,0,0.4434052341150999,0.10210437587275406,6,3.6935566419270245,0.44,0.4434052341150999,1
1.0918367346938775,-1.2470834390743033,-1.2470834390743033,0,0.4561259127661563,0.09962863878535756,6,3.7188837405630313,0.44,0.4561259127661563,1
1.1122448979591835,-1.2536199367284913,-1.2536199367284913,0,0.46884984479808356,0.09717194505388321,6,3.7438552805833667,0.44,0.46884984479808356,1
1.1326530612244898,-1.2603271215353538,-1.2603271215353538,0,0.4815312757224412,0.0947418643890302,6,3.7683908032018643,0.44,0.4815312757224412,1
1.1530612244897958,-1.2672017438510441,-1.2672017438510441,0,0.49412626047051633,0.09234547582327128,6,3.7924168677709256,0.44,0.49412626047051633,1
1.1734693877551021,-1.2742401443430975,-1.2742401443430975,0,0.5065934072170479,0.0899892629909638,6,3.8158680740487556,0.44,0.5065934072170479,1
1.193877551020408,-1.2814383037371024,-1.2814383037371024,0,0.5188945015613193,0.0876790324470802,6,3.838687788950062,0.44,0.5188945015613193,1
1.2142857142857142,-1.2887918959317093,-1.2887918959317093,0,0.5309949934462525,0.08541985675323148,6,3.860828569474352,0.44,0.5309949934462525,1
1.2346938775510203,-1.2962963427353105,-1.2962963427353105,0,0.5428643387866964,0.0832160424924668,6,3.882252291687264,0.44,0.5428643387866964,1
1.2551020408163265,-1.303946868581498,-1.303946868581498,0,0.5544761968543677,0.0810711219728889,6,3.902930010985174,0.44,0.5544761968543677,1
1.2755102040816326,-1.3117385537616617,-1.3117385537616617,0,0.5658084922661206,0.07898786624961734,6,3.9228415903824114,0.44,0.5658084922661206,1
1.2959183673469385,-1.3196663849476133,-1.3196663849476133,0,0.5768433564450403,0.07696831629397083,6,3.9419751407948747,0.44,0.5768433564450403,1
1.316326530612245,-1.3277253020419453,-1.3277253020419453,0,0.5875669674506243,0.0750138286811535,6,3.960326320358224,0.44,0.5875669674506243,1
1.3367346938775508,-1.3359102406649395,-1.3359102406649395,0,0.5979693091368337,0.0731251320282255,6,3.9778975392313916,0.44,0.5979693091368337,1
1.3571428571428572,-1.344216169846579,-1.344216169846579,0,0.6080438709197458,0.07130239054094328,6,3.994697112878222,0.44,0.6080438709197458,1
1.3775510204081631,-1.3526381247261456,-1.3526381247261456,0,0.6177873083646579,0.06954527135490328,6,4.010738401375404,0.44,0.6177873083646579,1
1.3979591836734693,-1.3611712342609694,-1.3611712342609694,0,0.6271990827315461,0.06785301281381241,6,4.026038965727743,0.44,0.6271990827315461,1
1.4183673469387754,-1.369810744106535,-1.369810744106535,0,0.6362810949366601,0.06622449135150416,6,4.040619765233838,0.44,0.6362810949366601,1
1.4387755102040816,-1.378552034950644,-1.378552034950644,0,0.6450373264380977,0.06465828518100311,6,4.054504413220746,0.44,0.6450373264380977,1
1.4591836734693877,-1.3873906366686084,-1.3873906366686084,0,0.6534734966079987,0.06315273350344391,6,4.067718502372594,0.44,0.6534734966079987,1
1.4795918367346939,-1.3963222387173426,-1.3963222387173426,0,0.6615967434089363,0.06170599040500994,6,4.08028900565167,0.44,0.6615967434089363,1
1.5,-1.4053426972100744,-1.4053426972100744,0,0.6694153317725968,0.06031607299650056,6,4.092243754564784,0.44,0.6694153317725968,1
0.5,-1.111079287315839,-1.111079287315839,0,0.18727820173477283,0.13238635339358523,7,2.812124935053017,0.44,0.18727820173477283,1
0.5204081632653061,-1.1136182989772967,-1.1136182989772967,0,0.19159123798768765,0.1314847341309665,7,2.8445155926147785,0.44,0.19159123798768765,1
0.5408163265306123,-1.1162779239825624,-1.1162779239825624,0,0.1961798601451635,0.1305426281184972,7,2.878459587207547,0.44,0.1961798601451635,1
0.5612244897959183,-1.1190603832696602,-1.1190603832696602,0,0.20105621251463596,0.12955967144919295,7,2.9139750528813746,0.44,0.20105621251463596,1
0.5816326530612245,-1.1219679642428444,-1.1219679642428444,0,0.2062326355083543,0.1285355398848982,7,2.951077448194596,0.44,0.2062326355083543,1
0.6020408163265306,-1.125003013909987,-1.125003013909987,0,0.21172154577693592,0.12746996202688246,7,2.989778890806546,0.44,0.21172154577693592,1
0.6224489795918368,-1.1281679306790808,-1.1281679306790808,0,0.2175352914929073,0.1263627343930412,7,3.0300874207389272,0.44,0.2175352914929073,1
0.6428571428571428,-1.131465154668025,-1.131465154668025,0,0.22368598064037165,0.12521373847903283,7,3.072006193667115,0.44,0.22368598064037165,1
0.6632653061224489,-1.134897156386693,-1.134897156386693,0,0.23018528063731586,0.1240229598232387,7,3.1155326087642816,0.44,0.23018528063731586,1
0.6836734693877551,-1.1384664236611657,-1.1384664236611657,0,0.23704418832993532,0.12279050901757649,7,3.1606573795992237,0.44,0.23704418832993532,1
0.7040816326530612,-1.1421754466900365,-1.1421754466900365,0,0.24427277039187265,0.12151664450572507,7,3.207363561403627,0.44,0.24427277039187265,1
0.7244897959183674,-1.1460267011517717,-1.1460267011517717,0,0.2518798754641999,0.12020179688631033,7,3.255625553632407,0.44,0.2518798754641999,1
0.7448979591836735,-1.1500226293235243,-1.1500226293235243,0,0.25987282099584097,0.1188465942919137,7,3.3054081030052327,0.44,0.25987282099584097,1
0.7653061224489796,-1.154165619225022,-1.154165619225022,0,0.2682570596741997,0.1174518882487088,7,3.3566653388825713,0.44,0.2682570596741997,1
0.7857142857142857,-1.1584579818679128,-1.1584579818679128,0,0.27703583252242703,0.11601877924276274,7,3.4093398795064043,0.44,0.27703583252242703,1
0.8061224489795917,-1.1629019267704772,-1.1629019267704772,0,0.2862098180888795,0.11454864103779336,7,3.4633620537826326,0.44,0.2862098180888795,1
0.8265306122448979,-1.1674995359882414,-1.1674995359882414,0,0.29577678952265146,0.11304314261981324,7,3.518649288222503,0.44,0.29577678952265146,1
0.846938775510204,-1.172252737010886,-1.172252737010886,0,0.30573129352223505,0.11150426650463507,7,3.5751057116082245,0.44,0.30573129352223505,1
0.8673469387755102,-1.1771632749790766,-1.1771632749790766,0,0.3160643669240597,0.10993432205538732,7,3.632622030070851,0.44,0.3160643669240597,1
0.8877551020408163,-1.182232684777496,-1.182232684777496,0,0.3267633077978322,0.10833595244086205,7,3.6910757217891788,0.44,0.3267633077978322,1
0.9081632653061225,-1.1874622636529486,-1.1874622636529486,0,0.3378115180679048,0.10671213394172178,7,3.750331592821075,0.44,0.3378115180679048,1
0.9285714285714286,-1.1928530450826755,-1.1928530450826755,0,0.34918843365107033,0.10506616649574907,7,3.8102427233649796,0.44,0.34918843365107033,1
0.9489795918367346,-1.198405774667777,-1.198405774667777,0,0.360869555733346,0.1034016546722618,7,3.870651817149655,0.44,0.360869555733346,1
0.9693877551020408,-1.2041208888422517,-1.2041208888422517,0,0.3728265930616431,0.1017224786749184,7,3.9313929463342614,0.44,0.3728265930616431,1
0.9897959183673469,-1.2099984971641216,-1.2099984971641216,0,0.3850277201121266,0.10003275547306732,7,3.992293661506933,0.44,0.3850277201121266,1
1.010204081632653,-1.216038368885419,-1.216038368885419,0,0.39743794999347165,0.09833679072204002,7,4.053177412847291,0.44,0.39743794999347165,1
1.030612244897959,-1.2222399243848423,-1.2222399243848423,0,0.4100196143872894,0.09663902270786875,7,4.113866206387064,0.44,0.4100196143872894,1
1.0510204081632653,-1.2286022318920067,-1.2286022318920067,0,0.42273293627760533,0.09494396008934543,7,4.174183400796787,0.44,0.42273293627760533,1
1.0714285714285714,-1.2351240097452572,-1.2351240097452572,0,0.43553667529334816,0.09325611565638466,7,4.233956537308129,0.44,0.43553667529334816,1
1.0918367346938775,-1.241803634216419,-1.241803634216419,0,0.44838882077660674,0.0915799386304281,7,4.293020089822043,0.44,0.44838882077660674,1
1.1122448979591835,-1.2486391527205207,-1.2486391527205207,0,0.4612473046817397,0.08991974816536731,7,4.351218024777365,0.44,0.4612473046817397,1
1.1326530612244898,-1.2556283020209968,-1.2556283020209968,0,0.47407070541392893,0.08827967065014239,7,4.408406070896471,0.44,0.47407070541392893,1
1.1530612244897958,-1.2627685308567305,-1.2627685308567305,0,0.48681891481159695,0.086663583171889,7,4.464453616501647,0.44,0.48681891481159695,1
1.1734693877551021,-1.270057026267979,-1.270057026267979,0,0.4994537435116614,0.08507506509700852,7,4.519245174960065,0.44,0.4994537435116614,1
1.193877551020408,-1.277490742793132,-1.277490742793132,0,0.5119394445484047,0.08351735920908673,7,4.572681384699327,0.44,0.5119394445484047,1
1.2142857142857142,-1.2850664336520652,-1.2850664336520652,0,0.5242431407163302,0.08199334325955275,7,4.624679536683989,0.44,0.5242431407163302,1
1.2346938775510203,-1.2927806830240527,-1.2927806830240527,0,0.5363351473942225,0.08050551219438229,7,4.675173646940939,0.44,0.5363351473942225,1
1.2551020408163265,-1.3006299385652595,-1.3006299385652595,0,0.5481891886115939,0.07905597076846013,7,4.724114112774568,0.44,0.5481891886115939,1
1.2755102040816326,-1.3086105433856203,-1.3086105433856203,0,0.5597825096484297,0.07764643578861917,7,4.771467007428407,0.44,0.5597825096484297,1
1.2959183673469385,-1.3167187668072484,-1.3167187668072484,0,0.5710958940309321,0.07627824686349782,7,4.817213078510923,0.44,0.5710958940309321,1
1.316326530612245,-1.3249508333476623,-1.3249508333476623,0,0.582113596205011,0.0749523842952021,7,4.861346520525819,0.44,0.582113596205011,1
1.3367346938775508,-1.333302949499649,-1.333302949499649,0,0.5928232033677534,0.07366949262304864,7,4.903873591870066,0.44,0.5928232033677534,1
1.3571428571428572,-1.341771328007974,-1.341771328007974,0,0.6032154409729695,0.07242990831152941,7,4.944811142583961,0.44,0.6032154409729695,1
1.3775510204081631,-1.35035220946329,-1.35035220946329,0,0.6132839364495377,0.07123369014407402,7,4.984185112034325,0.44,0.6132839364495377,1
1.3979591836734693,-1.3590418811412626,-1.3590418811412626,0,0.6230249548869746,0.07008065101879167,7,5.022029046699664,0.44,0.6230249548869746,1
1.4183673469387754,-1.3678366931057273,-1.3678366931057273,0,0.6324371190774216,0.0689703900192579,7,5.058382678320197,0.44,0.6324371190774216,1
1.4387755102040816,-1.3767330716688015,-1.3767330716688015,0,0.6415211245779002,0.06790232383173263,7,5.093290592729806,0.44,0.6415211245779002,1
1.4591836734693877,-1.3857275303565435,-1.3857275303565435,0,0.6502794585647843,0.0668757167824894,7,5.1268010103428665,0.44,0.6502794585647843,1
1.4795918367346939,-1.3948166785683316,-1.3948166785683316,0,0.6587161293512037,0.06588970896190667,7,5.158964690960008,0.44,0.6587161293512037,1
1.5,-1.4039972281431115,-1.4039972281431115,0,0.6668364116440328,0.06494334207648242,7,5.189833968528296,0.44,0.6668364116440328,1
0.5,-1.0853327603611185,-1.0853327603611185,0,0.19375421070463636,0.10861163208091724,8,4.005581502895167,0.44,0.12509687003934927,1
0.5204081632653061,-1.0887252014144226,-1.0887252014144226,0,0.19935653699657968,0.10745229250340034,8,3.6799841694622444,0.44,0.13768316636486017,1
0.5408163265306123,-1.0922439855357229,-1.0922439855357229,0,0.2051928480848789,0.10626921499547333,8,4.396469992221735,0.44,0.12645814784307446,1
0.5612244897959183,-1.0958889364275433,-1.0958889364275433,0,0.2112689685977218,0.10506331422552381,8,5.4654990462447195,0.44,0.19465120144103265,1
0.5816326530612245,-1.0996599847651682,-1.0996599847651682,0,0.21759121791688138,0.10383539155352375,8,3.643382841732122,0.44,0.15606408047963255,1
0.6020408163265306,-1.1035571690334052,-1.1035571690334052,0,0.2241663174626095,0.10258614685652703,8,5.3803960855828095,0.44,0.21800871764926247,1
0.6224489795918368,-1.1075806350807516,-1.1075806350807516,0,0.2310012778710427,0.10131619244076168,8,5.025673153550459,0.44,0.1939721507771192,1
0.6428571428571428,-1.111730634318756,-1.111730634318756,0,0.23810326456815395,0.10002606895706734,8,3.5883444701572884,0.44,0.21852198468558334,1
0.6632653061224489,-1.116007520486058,-1.116007520486058,0,0.24547944036348712,0.09871626323664534,8,4.329162818111783,0.44,0.16570699520622242,1
0.6836734693877551,-1.1204117448896738,-1.1204117448896738,0,0.25313678395365974,0.09738722795281007,8,4.852404358501278,0.44,0.2094068750958484,1
0.7040816326530612,-1.1249438500324418,-1.1249438500324418,0,0.26108188367638124,0.09603940298870578,8,5.472471194291073,0.44,0.2405644209120743,1
0.7244897959183674,-1.1296044615354144,-1.1296044615354144,0,0.269320706526627,0.09467323834826236,8,4.257534562194224,0.44,0.2577271474844656,1
0.7448979591836735,-1.1343942782702088,-1.1343942782702088,0,0.2778583433685929,0.09328921838607965,8,3.7735928282734195,0.44,0.2721969850334733,1
0.7653061224489796,-1.1393140606290602,-1.1393140606290602,0,0.28669873247196564,0.09188788705058062,8,5.321220385699625,0.44,0.2864816171100206,1
0.7857142857142857,-1.1443646168823127,-1.1443646168823127,0,0.29584436497371713,0.09046987373418999,8,4.3947389271374835,0.44,0.2852144561900201,1
0.8061224489795917,-1.149546787605096,-1.149546787605096,0,0.30529597759860805,0.08903591920709583,8,4.420013817403112,0.44,0.2572445017647401,1
0.8265306122448979,-1.1548614281978096,-1.1548614281978096,0,0.3150522399114288,0.08758690098230862,8,5.463914442355143,0.44,0.25196428370982293,1
0.846938775510204,-1.1603093895805279,-1.1603093895805279,0,0.3251094454312962,0.08612385732732636,8,4.51175869013477,0.44,0.23894803268867373,1
0.8673469387755102,-1.1658914972072556,-1.1658914972072556,0,0.3354612179770803,0.0846480090128175,8,4.962553727527831,0.44,0.16165671374981977,1
0.8877551020408163,-1.171608528623382,-1.171608528623382,0,0.3460982464521975,0.08316077778559205,8,4.794474890742239,0.44,0.2486416867086711,1
0.9081632653061225,-1.1774611898740075,-1.1774611898740075,0,0.3570080626949901,0.08166380048823456,8,5.153524185511042,0.44,0.20658420655789603,1
0.9285714285714286,-1.1834500911595305,-1.1834500911595305,0,0.36817487777207536,0.08015893773876778,8,5.368321032235819,0.44,0.2636356844614111,1
0.9489795918367346,-1.1895757222224042,-1.1895757222224042,0,0.3795794919284651,0.07864827614732736,8,5.641020538650219,0.44,0.3480445341750876,1
0.9693877551020408,-1.1958384280286867,-1.1958384280286867,0,0.39119929211632737,0.0771341231963082,8,5.0262956315862946,0.44,0.3503951219745882,1
0.9897959183673469,-1.2022383853724878,-1.2022383853724878,0,0.40300834846154787,0.07561899415272288,8,5.1085308446330675,0.44,0.1702319982320785,1
1.010204081632653,-1.2087755810739451,-1.2087755810739451,0,0.41497761716524806,0.0741055907143802,8,5.081457344692758,0.44,0.4107905496822912,1
1.030612244897959,-1.21544979245329,-1.21544979245329,0,0.4270752522933482,0.07259677150155333,8,4.996979680032943,0.44,0.3891618045735316,1
1.0510204081632653,-1.22226057074133,-1.22226057074133,0,0.4392670229623363,0.07109551496774963,8,5.738433461971723,0.44,0.4318227327710799,1
1.0714285714285714,-1.229207228025161,-1.229207228025161,0,0.4515168260219442,0.06960487578093695,8,5.455720383601685,0.44,0.44673029109839923,1
1.0918367346938775,-1.236288828229207,-1.236288828229207,0,0.4637872780257013,0.06812793617645982,8,5.442121920564324,0.44,0.26777845035364506,1
1.1122448979591835,-1.2435041824971333,-1.2435041824971333,0,0.47604036468846456,0.06666775415884617,8,5.471413719132437,0.44,0.25929398405436427,1
1.1326530612244898,-1.2508518491795069,-1.2508518491795069,0,0.48823812175352854,0.06522731068954224,8,5.99551990944632,0.44,0.4808730930294622,1
1.1530612244897958,-1.2583301384532548,-1.2583301384532548,0,0.5003433187173706,0.06380945810954027,8,5.505214525989187,0.44,0.4401037430380417,1
1.1734693877551021,-1.2659371214164183,-1.2659371214164183,0,0.5123201164863228,0.06241687199362665,8,5.788645228142163,0.44,0.48884817490129295,1
1.193877551020408,-1.273670643327046,-1.273670643327046,0,0.5241346718259576,0.061052008419075904,8,5.746289465325052,0.44,0.5000522926644859,1
1.2142857142857142,-1.2815283405018718,-1.2815283405018718,0,0.5357556652206785,0.059717068277053725,8,5.703081927023151,0.44,0.529991803019647,1
1.2346938775510203,-1.2895076602680464,-1.2895076602680464,0,0.5471547340759595,0.058413969796432534,8,5.990123752356853,0.44,0.26726616296116557,1
1.2551020408163265,-1.2976058832772959,-1.2976058832772959,0,0.5583067995010446,0.0571443299337646,8,5.9756956740669995,0.44,0.527570084047528,1
1.2755102040816326,-1.305820147449876,-1.305820147449876,0,0.569190281566913,0.055909454759697844,8,6.078964640887729,0.44,0.2274289609262194,1
1.2959183673469385,-1.3141474728136655,-1.3141474728136655,0,0.579787204324314,0.05471033848736892,8,6.128207016368556,0.44,0.5791598148226282,1
1.316326530612245,-1.3225847865400187,-1.3225847865400187,0,0.5900831974685425,0.0535476703794405,8,6.034537219429437,0.44,0.4461116485523707,1
1.3367346938775508,-1.331128947543487,-1.331128947543487,0,0.6000674059803935,0.0524218484619243,8,6.095925202268109,0.44,0.5411123709415089,1
1.3571428571428572,-1.3397767701008445,-1.3397767701008445,0,0.6097323221594062,0.05133299877556309,8,6.226513484122919,0.44,0.48985831930640905,1
1.3775510204081631,-1.3485250460467175,-1.3485250460467175,0,0.6190735561658887,0.05028099880737785,8,6.2108507253775125,0.44,0.6097050446550145,1
1.3979591836734693,-1.3573705652098578,-1.3573705652098578,0,0.6280895616120171,0.04926550375400936,8,6.42106366490364,0.44,0.6278071543407905,1
1.4183673469387754,-1.366310133859479,-1.366310133859479,0,0.6367813320976146,0.04828597435593943,8,6.302839250057539,0.44,0.4312251222521255,1
1.4387755102040816,-1.3753405910283139,-1.3753405910283139,0,0.6451520831341644,0.04734170518566932,8,6.508215719105127,0.44,0.6448511919636032,1
1.4591836734693877,-1.384458822665377,-1.384458822665377,0,0.6532069319164056,0.04643185245141046,8,6.457648397816749,0.44,0.4131433779293505,1
1.4795918367346939,-1.3936617736431007,-1.3936617736431007,0,0.6609525851400762,0.04555546057100064,8,6.461161143370676,0.44,0.17430333940868398,1
1.5,-1.4029464577014328,-1.4029464577014328,0,0.6683970427431427,0.04471148696233919,8,6.4667595260996595,0.44,0.5124104352619221,1
0.5,-1.1086654177890582,-1.1086654177890582,0,0.14933074479169461,0.1026981829008948,9,5.605058859906868,0.44,0.14933074479169461,1
0.5204081632653061,-1.1111859098087007,-1.1111859098087007,0,0.15318568773670957,0.10197097145473906,9,5.61511996097246,0.44,0.15318568773670957,1
0.5408163265306123,-1.1138272280375054,-1.1138272280375054,0,0.15731434619383225,0.10121053877485563,9,5.626315315886732,0.44,0.15731434619383225,1
0.5612244897959183,-1.1165917369074951,-1.1165917369074951,0,0.1617326586412039,0.1004164922963305,9,5.638748081211124,0.44,0.1617326586412039,1
0.5816326530612245,-1.119481878864483,-1.119481878864483,0,0.16645729767837905,0.09958846138203926,9,5.652527378047487,0.44,0.16645729767837905,1
0.6020408163265306,-1.1225001680685414,-1.1225001680685414,0,0.1715055880298415,0.0987261076698207,9,5.667767980266967,0.44,0.1715055880298415,1
0.6224489795918368,-1.1256491826832364,-1.1256491826832364,0,0.17689539251061476,0.09782913725216452,9,5.684589820541199,0.44,0.17689539251061476,1
0.6428571428571428,-1.1289315555677724,-1.1289315555677724,0,0.18264496027719704,0.09689731486788465,9,5.7031172786731545,0.44,0.18264496027719704,1
0.6632653061224489,-1.1323499631801675,-1.1323499631801675,0,0.18877273150306711,0.09593048025996789,9,5.723478214846429,0.44,0.18877273150306711,1
0.6836734693877551,-1.1359071124993492,-1.1359071124993492,0,0.1952970927262816,0.09492856680903144,9,5.745802710090041,0.44,0.1952970927262816,1
0.7040816326530612,-1.139605725781818,-1.139605725781818,0,0.2022360776367147,0.09389162248237905,9,5.770221478193067,0.44,0.2022360776367147,1
0.7244897959183674,-1.143448522986612,-1.143448522986612,0,0.20960700913706085,0.09281983303909302,9,5.796863918301973,0.44,0.20960700913706085,1
0.7448979591836735,-1.1474382017342204,-1.1474382017342204,0,0.2174260802655979,0.09171354729720432,9,5.825855786356126,0.44,0.2174260802655979,1
0.7653061224489796,-1.1515774147128184,-1.1515774147128184,0,0.2257078741405785,0.09057330409656517,9,5.8573164771966155,0.44,0.2257078741405785,1
0.7857142857142857,-1.1558687445129856,-1.1558687445129856,0,0.234464826572644,0.08939986038029801,9,5.891355928289421,0.44,0.234464826572644,1
0.8061224489795917,-1.1603146759600755,-1.1603146759600755,0,0.2437066394241823,0.08819421957286312,9,5.928071180867709,0.44,0.2437066394241823,1
0.8265306122448979,-1.164917566125346,-1.164917566125346,0,0.2534396581014899,0.0869576591643347,9,5.967542664694008,0.44,0.2534396581014899,1
0.846938775510204,-1.1696796123293607,-1.1696796123293607,0,0.2636662325326605,0.08569175613655802,9,6.009830307544086,0.44,0.2636662325326605,1
0.8673469387755102,-1.1746028186035633,-1.1746028186035633,0,0.2743840872225217,0.08439840861434061,9,6.054969607900748,0.44,0.2743840872225217,1
0.8877551020408163,-1.1796889612398151,-1.1796889612398151,0,0.28558573190467806,0.08307985192864356,9,6.102967846055622,0.44,0.28558573190467806,1
0.9081632653061225,-1.1849395542253265,-1.1849395542253265,0,0.29725794917279813,0.08173866718008083,9,6.153800640617051,0.44,0.29725794917279813,1
0.9285714285714286,-1.1903558155173608,-1.1903558155173608,0,0.309381398390437,0.08037778043242491,9,6.207409079253738,0.44,0.309381398390437,1
0.9489795918367346,-1.1959386352428303,-1.1959386352428303,0,0.3219303752579593,0.07900045088479092,9,6.26369765906723,0.44,0.3219303752579593,1
0.9693877551020408,-1.2016885469946859,-1.2016885469946859,0,0.3348727628994236,0.0776102467913996,9,6.322533258556992,0.44,0.3348727628994236,1
0.9897959183673469,-1.2076057034225463,-1.2076057034225463,0,0.3481702027785478,0.07621100852063088,9,6.383745326606675,0.44,0.3481702027785478,1
1.010204081632653,-1.2136898572649246,-1.2136898572649246,0,0.36177850220262864,0.07480679894212353,9,6.447127413774853,0.44,0.36177850220262864,1
1.030612244897959,-1.2199403488366722,-1.2199403488366722,0,0.3756482802709144,0.07340184224134805,9,6.512440090300851,0.44,0.3756482802709144,1
1.0510204081632653,-1.226356100766868,-1.226356100766868,0,0.3897258371359872,0.07200045319563902,9,6.579415200129065,0.44,0.3897258371359872,1
1.0714285714285714,-1.2329356204899227,-1.2329356204899227,0,0.403954214151063,0.0706069597958047,9,6.647761300526673,0.44,0.403954214151063,1
1.0918367346938775,-1.239677010644936,-1.239677010644936,0,0.41827439692148893,0.06922562275267291,9,6.717170044011717,0.44,0.41827439692148893,1
1.1122448979591835,-1.2465779871636073,-1.2465779871636073,0,0.4326266014483684,0.06786055579514012,9,6.7873231848430216,0.44,0.4326266014483684,1
1.1326530612244898,-1.253635904456692,-1.253635904456692,0,0.4469515770067159,0.06651565068788329,9,6.857899845777226,0.44,0.4469515770067159,1
1.1530612244897958,-1.2608477867780779,-1.2608477867780779,0,0.46119185897949216,0.06519451056294168,9,6.928583667916132,0.44,0.46119185897949216,1
1.1734693877551021,-1.268210364580646,-1.268210364580646,0,0.475292910535456,0.06390039451042792,9,6.999069488180089,0.44,0.475292910535456,1
1.193877551020408,-1.2757201145019528,-1.2757201145019528,0,0.4892041028984408,0.06263617549335021,9,7.069069241280902,0.44,0.4892041028984408,1
1.2142857142857142,-1.2833733015388125,-1.2833733015388125,0,0.5028794984489938,0.06140431265086411,9,7.1383168580867125,0.44,0.5028794984489938,1
1.2346938775510203,-1.2911660219883467,-1.2911660219883467,0,0.5162784171096213,0.06020683805135465,9,7.206572019661421,0.44,0.5162784171096213,1
1.2551020408163265,-1.2990942458367079,-1.2990942458367079,0,0.5293657824644866,0.059045357057373356,9,7.273622715266054,0.44,0.5293657824644866,1
1.2755102040816326,-1.3071538574472426,-1.3071538574472426,0,0.5421122582171696,0.05792106074722943,9,7.339286633759482,0.44,0.5421122582171696,1
1.2959183673469385,-1.3153406936150231,-1.3153406936150231,0,0.5544941967530721,0.056834748346757606,9,7.403411484172631,0.44,0.5544941967530721,1
1.316326530612245,-1.3236505782908432,-1.3236505782908432,0,0.5664934291752569,0.055786857368367596,9,7.465874388881689,0.44,0.5664934291752569,1
1.3367346938775508,-1.3320793535135742,-1.3320793535135742,0,0.5780969301877535,0.05477749911255761,9,7.526580520873964,0.44,0.5780969301877535,1
1.3571428571428572,-1.3406229063094772,-1.3406229063094772,0,0.5892963919921669,0.05380649731955059,9,7.585461166637543,0.44,0.5892963919921669,1
1.3775510204081631,-1.3492771915078094,-1.3492771915078094,0,0.6000877395899293,0.05287342801560105,9,7.642471391373349,0.44,0.6000877395899293,1
1.3979591836734693,-1.3580382505777513,-1.3580382505777513,0,0.6104706163048188,0.051977658929078595,9,7.697587467494623,0.44,0.6104706163048188,1
1.4183673469387754,-1.3669022267099116,-1.3669022267099116,0,0.6204478637043593,0.051118387210599456,9,7.750804204773863,0.44,0.6204478637043593,1
1.4387755102040816,-1.3758653764483717,-1.3758653764483717,0,0.6300250150510202,0.05029467454358237,9,7.802132294626568,0.44,0.6300250150510202,1
1.4591836734693877,-1.3849240782290408,-1.3849240782290408,0,0.6392098164557072,0.04950547905175452,9,7.85159575476337,0.44,0.6392098164557072,1
1.4795918367346939,-1.394074838203701,-1.394074838203701,0,0.6480117853824651,0.048749683683597236,9,7.899229535866564,0.44,0.6480117853824651,1
1.5,-1.403314293730657,-1.403314293730657,0,0.6564418122659932,0.04802612097426769,9,7.945077330333536,0.44,0.6564418122659932,1
0.5,-1.1134540142556455,-1.1134540142556455,0,0.1315300771824909,0.09208824955758563,10,5.34157165755909,0.44,0.1315300771824909,1
0.5204081632653061,-1.1157867290711916,-1.1157867290711916,0,0.13485649786557466,0.09138104696356159,10,5.3746186532431555,0.44,0.13485649786557466,1
0.5408163265306123,-1.1182372074781088,-1.1182372074781088,0,0.138445574862261,0.09063799263688936,10,5.4098160403754525,0.44,0.138445574862261,1
0.5612244897959183,-1.1208083835786447,-1.1208083835786447,0,0.14231592106948876,0.08985833987241125,10,5.4472780516817885,0.44,0.14231592106948876,1
0.5816326530612245,-1.1235032936008078,-1.1235032936008078,0,0.14648731732390471,0.08904136711781592,10,5.487125300427323,0.44,0.14648731732390471,1
0.6020408163265306,-1.1263250678258732,-1.1263250678258732,0,0.1509806698486657,0.08818639227973518,10,5.529484421475362,0.44,0.1509806698486657,1
0.6224489795918368,-1.1292769206128823,-1.1292769206128823,0,0.1558179323926369,0.08729278938709749,10,5.574487488595604,0.44,0.1558179323926369,1
0.6428571428571428,-1.1323621382903855,-1.1323621382903855,0,0.1610219848417286,0.0863600078125752,10,5.622271155715728,0.44,0.1610219848417286,1
0.6632653061224489,-1.1355840646850317,-1.1355840646850317,0,0.16661645927680885,0.08538759421683977,10,5.672975464297201,0.44,0.16661645927680885,1
0.6836734693877551,-1.1389460840641195,-1.1389460840641195,0,0.17262550391614362,0.08437521732061729,10,5.726742255162733,0.44,0.17262550391614362,1
0.7040816326530612,-1.142451601287204,-1.142451601287204,0,0.1790734752861436,0.08332269551964676,10,5.783713122063112,0.44,0.1790734752861436,1
0.7244897959183674,-1.1461040189942433,-1.1461040189942433,0,0.1859845495273285,0.08223002723089656,10,5.844026847500068,0.44,0.1859845495273285,1
0.7448979591836735,-1.1499067117065036,-1.1499067117065036,0,0.19338224521224445,0.08109742368827295,10,5.9078162705121695,0.44,0.19338224521224445,1
0.7653061224489796,-1.153862996786009,-1.153862996786009,0,0.20128885269686084,0.07992534368779407,10,5.975204553139153,0.44,0.20128885269686084,1
0.7857142857142857,-1.157976102291753,-1.157976102291753,0,0.2097247691017627,0.07871452951418836,10,6.046300838878133,0.44,0.2097247691017627,1
0.8061224489795917,-1.1622491318890245,-1.1622491318890245,0,0.21870774371959717,0.07746604296697039,10,6.121195334029245,0.44,0.21870774371959717,1
0.8265306122448979,-1.166685027112603,-1.166685027112603,0,0.22825204604112598,0.07618130005618842,10,6.199953891953015,0.44,0.22825204604112598,1
0.846938775510204,-1.1712865274539455,-1.1712865274539455,0,0.23836757755055726,0.07486210257871366,10,6.282612240098468,0.44,0.23836757755055726,1
0.8673469387755102,-1.1760561289325648,-1.1760561289325648,0,0.2490589585436582,0.07351066445015648,10,6.369170057434946,0.44,0.2490589585436582,1
0.8877551020408163,-1.1809960420137504,-1.1809960420137504,0,0.26032463170016645,0.07212963040302785,10,6.45958518043962,0.44,0.26032463170016645,1
0.9081632653061225,-1.186108149936551,-1.186108149936551,0,0.27215603385054044,0.0707220845270736,10,6.55376828127972,0.44,0.27215603385054044,1
0.9285714285714286,-1.1913939686994712,-1.1913939686994712,0,0.2845368948425431,0.06929154618558112,10,6.651578412223074,0.44,0.2845368948425431,1
0.9489795918367346,-1.196854610095776,-1.196854610095776,0,0.2974427259778264,0.06784195114948907,10,6.752819834285478,0.44,0.2974427259778264,1
0.9693877551020408,-1.2024907492724934,-1.2024907492724934,0,0.3108405585613389,0.06637761638794501,10,6.857240534790428,0.44,0.3108405585613389,1
0.9897959183673469,-1.2083025982847144,-1.2083025982847144,0,0.3246889844992108,0.06490318784458565,10,6.964532779767825,0.44,0.3246889844992108,1
1.010204081632653,-1.2142898870118874,-1.2142898870118874,0,0.33893853517660677,0.06342357167220167,10,7.074335940145443,0.44,0.33893853517660677,1
1.030612244897959,-1.2204518525867027,-1.2204518525867027,0,0.35353241270102653,0.061943850701510886,10,7.186241680052187,0.44,0.35353241270102653,1
1.0510204081632653,-1.2267872381622862,-1.2267872381622862,0,0.36840756087066445,0.060469189242250386,10,7.299801414085838,0.44,0.36840756087066445,1
1.0714285714285714,-1.2332943014281685,-1.2332943014281685,0,0.38349603486620754,0.05900473048690205,10,7.414535748325583,0.44,0.38349603486620754,1
1.0918367346938775,-1.2399708328099803,-1.2399708328099803,0,0.3987266022868189,0.057555491637963196,10,7.529945441947181,0.44,0.3987266022868189,1
1.1122448979591835,-1.2468141827946189,-1.2468141827946189,0,0.41402648741442566,0.05612626227036488,10,7.645523287451895,0.44,0.41402648741442566,1
1.1326530612244898,-1.2538212973583258,-1.2538212973583258,0,0.4293231584714817,0.05472151129605672,10,7.76076622787649,0.44,0.4293231584714817,1
1.1530612244897958,-1.2609887600851497,-1.2609887600851497,0,0.4445460558132345,0.05334530722439144,10,7.875187020047654,0.44,0.4445460558132345,1
1.1734693877551021,-1.2683128392829202,-1.2683128392829202,0,0.4596281675035613,0.052001255298801424,10,7.988324813852971,0.44,0.4596281675035613,1
1.193877551020408,-1.2757895382563385,-1.2757895382563385,0,0.47450737599095266,0.05069245369128761,10,8.099754137510127,0.44,0.47450737599095266,1
1.2142857142857142,-1.2834146468850804,-1.2834146468850804,0,0.4891275228275289,0.04942146943891558,10,8.209091938529243,0.44,0.4891275228275289,1
1.2346938775510203,-1.2911837927698193,-1.2911837927698193,0,0.5034391641496312,0.04819033339565533,10,8.31600250608233,0.44,0.5034391641496312,1
1.2551020408163265,-1.2990924904235972,-1.2990924904235972,0,0.517400014617368,0.04700055229879255,10,8.420200270033005,0.44,0.517400014617368,1
1.2755102040816326,-1.307136187270809,-1.307136187270809,0,0.5309750989746688,0.04585313520715631,10,8.5214506165918,0.44,0.5309750989746688,1
1.2959183673469385,-1.3153103055340347,-1.3153103055340347,0,0.5441366465868513,0.044748631092959845,10,8.619568968784485,0.44,0.5441366465868513,1
1.316326530612245,-1.323610279410028,-1.323610279410028,0,0.5568637745362401,0.04368717424009223,10,8.71441844719044,0.44,0.5568637745362401,1
1.3367346938775508,-1.3320315872336195,-1.3320315872336195,0,0.5691420093249812,0.04266853426008233,10,8.805906454508836,0.44,0.5691420093249812,1
1.3571428571428572,-1.3405697785849904,-1.3405697785849904,0,0.5809626968225958,0.04169216790257206,10,8.893980522650423,0.44,0.5809626968225958,1
1.3775510204081631,-1.349220496501454,-1.349220496501454,0,0.592322346036073,0.04075727032591064,10,8.978623731769588,0.44,0.592322346036073,1
1.3979591836734693,-1.3579794951073763,-1.3579794951073763,0,0.6032219458877845,0.03986282403005601,10,9.059849965969375,0.44,0.6032219458877845,1
1.4183673469387754,-1.3668426530769626,-1.3668426530769626,0,0.6136662866568205,0.03900764417901189,10,9.137699218464958,0.44,0.6136662866568205,1
1.4387755102040816,-1.3758059834023444,-1.3758059834023444,0,0.6236633100356892,0.038190419512934545,10,9.21223310626707,0.44,0.6236633100356892,1
1.4591836734693877,-1.384865639959436,-1.384865639959436,0,0.6332235045593719,0.03740974844769757,10,9.283530705504903,0.44,0.6332235045593719,1
1.4795918367346939,-1.3940179213577033,-1.3940179213577033,0,0.6423593568949006,0.03666417027362694,10,9.351684776096505,0.44,0.6423593568949006,1
1.5,-1.4032592725327118,-1.4032592725327118,0,0.6510848643327004,0.03595219159715283,10,9.416798409821475,0.44,0.6510848643327004,1
