Delta,J,M^2,Ms^2,N,O^2,delta_E,energy0,energy1,h,identity,t
0.0,0.0,0.16768437266256186,0.16987009254354543,6,1.4588431842903007,0.0,0.0,0.0,0,0.16768427131961433,1
0.10526315789473684,0.0,0.15281873100492352,0.16393469513852463,6,2.111274924019695,-5.551115123125783e-17,-0.07017543859649127,-0.07017543859649132,0,0.1417931304459823,1
0.21052631578947367,0.0,0.16744379289211994,0.1764181882613546,6,2.1697751715684803,0.0,-0.1403508771929825,-0.1403508771929825,0,0.16163118003238305,1
0.3157894736842105,0.0,0.08117026370379098,0.11298159684655175,6,1.8246810548151644,-3.885780586188048e-16,-0.2105263157894738,-0.2105263157894742,0,0.08117025686311422,1
0.42105263157894735,0.0,0.12639707204562778,0.15459927000787724,6,2.0055882881825116,-7.216449660063518e-16,-0.28070175438596495,-0.2807017543859657,0,0.12600817915541768,1
0.5263157894736842,0.0,0.18992988518691056,0.13749467601392237,6,2.259719540747643,1.1102230246251565e-16,-0.3508771929824564,-0.3508771929824563,0,0.1858086602903919,1
0.631578947368421,0.0,0.13719666610698453,0.14529046712399277,6,2.048786664427939,5.551115123125783e-16,-0.421052631578948,-0.42105263157894746,0,0.13502958506032856,1
0.7368421052631579,0.0,0.20504391851680565,0.15536357567787648,6,2.320175674067226,-5.551115123125783e-17,-0.4912280701754393,-0.49122807017543935,0,0.20504002291521198,1
0.8421052631578947,0.0,0.18918138817163893,0.16345702745090412,6,2.256725552686557,-4.440892098500626e-16,-0.56140350877193,-0.5614035087719305,0,0.18891095508690922,1
0.9473684210526315,0.0,0.2001858741560771,0.1794375444084572,6,2.300743496624309,1.1102230246251565e-15,-0.6315789473684217,-0.6315789473684206,0,0.16701883565514763,1
1.0526315789473684,0.0,0.14797321738849722,0.13662184253580492,6,2.0918928695539925,5.551115123125783e-16,-0.7017543859649135,-0.7017543859649129,0,0.14745865325182836,1
1.1578947368421053,0.0,0.15848757714314718,0.31348424507255634,6,2.1339503085725884,-1.9984014443252818e-15,-0.7719298245614037,-0.7719298245614057,0,0.15596730010833496,1
1.263157894736842,0.0,0.11939518367945451,0.197371439865115,6,1.9775807347178187,1.1102230246251565e-16,-0.8421052631578949,-0.8421052631578948,0,0.11892669507667558,1
1.3684210526315788,0.0,0.14337390194989985,0.14689579943406583,6,2.0734956077996003,7.771561172376096e-16,-0.9122807017543865,-0.9122807017543857,0,0.14324323789306403,1
1.4736842105263157,0.0,0.1375607935302076,0.1577574781493146,6,2.0502431741208325,0.0,-0.9824561403508788,-0.9824561403508788,0,0.13075540987045697,1
1.5789473684210527,0.0,0.20012134364563935,0.1278727938973842,6,2.300485374582559,-2.220446049250313e-16,-1.052631578947369,-1.0526315789473693,0,0.19752837641737178,1
1.6842105263157894,0.0,0.1588771698535391,0.2334901276259241,6,2.135508679414157,-1.5543122344752192e-15,-1.1228070175438605,-1.122807017543862,0,0.14974417613258365,1
1.789473684210526,0.0,0.09245218641721749,0.16336532690383265,6,1.869808745668875,4.440892098500626e-16,-1.1929824561403537,-1.1929824561403533,0,0.09019304406948421,1
1.894736842105263,0.0,0.17891019540497208,0.14832405369552532,6,2.2156407816198938,1.3322676295501878e-15,-1.263157894736846,-1.2631578947368447,0,0.17637313495963197,1
2.0,0.0,0.15658658586343277,0.15632514085093077,6,2.126346343453735,2.886579864025407e-15,-1.333333333333337,-1.3333333333333341,0,0.15335738541524838,1
0.0,0.10526315789473684,0.9999999999999998,2.4391633762639808e-31,6,1.3242122745124703,9.71445146547012e-17,-0.10526315789473696,-0.10526315789473686,0,0.99615061380682,1
0.10526315789473684,0.10526315789473684,1.000000000000003,4.516884086804133e-32,6,4.500000000000015,1.1102230246251565e-16,-0.1660368704410136,-0.16603687044101348,0,0.9838528854376785,1
0.21052631578947367,0.10526315789473684,1.0000000000000016,1.0760293460007951e-31,6,4.500000000000007,8.326672684688674e-17,-0.22681058298729026,-0.22681058298729018,0,0.8848083093846303,1
0.3157894736842105,0.10526315789473684,1.0000000000000013,3.784428963413177e-31,6,4.500000000000008,3.3306690738754696e-16,-0.28758429553356635,-0.287584295533566,0,0.8797028317126553,1
0.42105263157894735,0.10526315789473684,1.0000000000000009,2.9170679470310768e-30,6,4.500000000000005,-7.771561172376096e-16,-0.34835800807984363,-0.3483580080798444,0,0.6703901508695124,1
0.5263157894736842,0.10526315789473684,1.0000000000000036,2.1472197515258324e-29,6,4.500000000000018,-4.440892098500626e-16,-0.40913172062611963,-0.4091317206261201,0,0.9641085291276774,1
0.631578947368421,0.10526315789473684,0.9999999999999999,1.7183912631654074e-29,6,4.500000000000001,-1.8318679906315083e-15,-0.4699054331723957,-0.4699054331723975,0,0.7882555430623053,1
0.7368421052631579,0.10526315789473684,0.9999999999999988,1.3231330266459059e-27,6,4.4999999999999964,-2.9976021664879227e-15,-0.5306791457186706,-0.5306791457186736,0,0.9973889497722644,1
0.8421052631578947,0.10526315789473684,0.30985652079515014,0.11111111111111129,6,2.7394260831806028,1.7763568394002505e-15,-0.5964912280701763,-0.5964912280701745,0,0.29628643214490197,1
0.9473684210526315,0.10526315789473684,0.3695022806155795,0.11111111111111137,6,2.9780091224623213,6.661338147750939e-16,-0.6666666666666675,-0.6666666666666669,0,0.28023578055092824,1
1.0526315789473684,0.10526315789473684,0.3366847856073392,0.11111111111111088,6,2.8467391424293536,-1.7763568394002505e-15,-0.7368421052631561,-0.7368421052631579,0,0.33046279855132416,1
1.1578947368421053,0.10526315789473684,0.32207632362440697,0.11111111111111159,6,2.788305294497634,-1.887379141862766e-15,-0.8070175438596532,-0.8070175438596551,0,0.3217296213475821,1
1.263157894736842,0.10526315789473684,0.35199886932310703,0.11111111111111176,6,2.9079954772924363,1.9984014443252818e-15,-0.8771929824561459,-0.8771929824561439,0,0.3029706391618866,1
1.3684210526315788,0.10526315789473684,0.36539609152051045,0.11111111111111172,6,2.9615843660820493,3.219646771412954e-15,-0.9473684210526376,-0.9473684210526344,0,0.3507269309933675,1
1.4736842105263157,0.10526315789473684,0.3166985729538998,0.11111111111111177,6,2.766794291815607,4.6629367034256575e-15,-1.0175438596491277,-1.017543859649123,0,0.3148893507214018,1
1.5789473684210527,0.10526315789473684,0.3215499461484418,0.11111111111111145,6,2.786199784593772,-1.5543122344752192e-15,-1.0877192982456168,-1.0877192982456183,0,0.3208588100385524,1
1.6842105263157894,0.10526315789473684,0.22060775285295756,0.11111111111111169,6,2.382431011411837,1.7763568394002505e-15,-1.1578947368421115,-1.1578947368421098,0,0.21872895829481856,1
1.789473684210526,0.10526315789473684,0.33591264519975694,0.11111111111111188,6,2.843650580799038,6.661338147750939e-15,-1.2280701754386052,-1.2280701754385985,0,0.33040064172722405,1
1.894736842105263,0.10526315789473684,0.32087722356512083,0.11111111111111185,6,2.783508894260493,3.9968028886505635e-15,-1.2982456140350955,-1.2982456140350915,0,0.3134414818880238,1
2.0,0.10526315789473684,0.334257397360313,0.11111111111111184,6,2.8370295894412623,6.217248937900877e-15,-1.3684210526315899,-1.3684210526315836,0,0.3318728866420321,1
0.0,0.21052631578947367,1.0,1.0657414215592531e-31,6,1.1500523469808228,-2.7755575615628914e-17,-0.2105263157894738,-0.21052631578947384,0,0.9784641675211684,1
0.10526315789473684,0.21052631578947367,1.0000000000000004,5.622092068957835e-32,6,4.500000000000004,-5.551115123125783e-16,-0.2713000283357503,-0.27130002833575084,0,0.9372150358185182,1
0.21052631578947367,0.21052631578947367,0.9999999999999993,3.9866957659183017e-32,6,4.499999999999997,-2.1649348980190553e-15,-0.33207374088202574,-0.3320737408820279,0,0.9891553903605236,1
0.3157894736842105,0.21052631578947367,1.0000000000000018,1.082386213607887e-31,6,4.50000000000001,-5.551115123125783e-16,-0.3928474534283039,-0.39284745342830446,0,0.9499431747171174,1
0.42105263157894735,0.21052631578947367,1.0000000000000022,2.752657173951109e-31,6,4.500000000000012,4.440892098500626e-16,-0.45362116597458046,-0.45362116597458,0,0.9823825657241826,1
0.5263157894736842,0.21052631578947367,1.0000000000000033,3.231520401274846e-32,6,4.500000000000018,1.1102230246251565e-15,-0.5143948785208576,-0.5143948785208565,0,0.7333938051560815,1
0.631578947368421,0.21052631578947367,1.0000000000000009,1.816372759767614e-31,6,4.500000000000005,3.3306690738754696e-16,-0.5751685910671326,-0.5751685910671323,0,0.9989308656056715,1
0.7368421052631579,0.21052631578947367,1.0000000000000049,4.892914705216004e-32,6,4.500000000000023,3.774758283725532e-15,-0.6359423036134129,-0.6359423036134091,0,0.8351451158528431,1
0.8421052631578947,0.21052631578947367,1.0000000000000009,1.592812651167502e-30,6,4.500000000000005,-1.3322676295501878e-15,-0.6967160161596869,-0.6967160161596883,0,0.9993968158370521,1
0.9473684210526315,0.21052631578947367,1.000000000000004,1.6684545107015518e-30,6,4.5000000000000195,1.3322676295501878e-15,-0.7574897287059634,-0.7574897287059621,0,0.9781225528490992,1
1.0526315789473684,0.21052631578947367,0.9999999999999993,9.241701693609505e-30,6,4.499999999999998,-5.329070518200751e-15,-0.8182634412522365,-0.8182634412522418,0,0.9423577629998682,1
1.1578947368421053,0.21052631578947367,0.9999999999999998,4.2525210499003706e-30,6,4.5,-5.88418203051333e-15,-0.879037153798514,-0.8790371537985199,0,0.8317059255391976,1
1.263157894736842,0.21052631578947367,1.0000000000000027,8.909522913619826e-29,6,4.500000000000012,-5.88418203051333e-15,-0.9398108663447927,-0.9398108663447986,0,0.9998396321910609,1
1.3684210526315788,0.21052631578947367,0.9999999999999984,7.548236071850294e-31,6,4.499999999999993,8.881784197001252e-16,-1.0005845788910668,-1.000584578891066,0,0.9758899107760062,1
1.4736842105263157,0.21052631578947367,0.9999999999999994,8.719247445182637e-27,6,4.5,-4.218847493575595e-15,-1.0613582914373438,-1.061358291437348,0,0.9242623740833757,1
1.5789473684210527,0.21052631578947367,0.217401068331664,0.11111111111111097,6,2.3696042733266545,-3.1086244689504383e-15,-1.122807017543858,-1.1228070175438611,0,0.20780227850769692,1
1.6842105263157894,0.21052631578947367,0.36371649151680296,0.11111111111111097,6,2.9548659660672096,4.440892098500626e-16,-1.1929824561403513,-1.1929824561403508,0,0.3461670048829382,1
1.789473684210526,0.21052631578947367,0.38491423247065093,0.11111111111111109,6,3.0396569298826037,-4.440892098500626e-16,-1.2631578947368431,-1.2631578947368436,0,0.3733728539785698,1
1.894736842105263,0.21052631578947367,0.31239860849086654,0.11111111111111135,6,2.7495944339634693,-1.7763568394002505e-15,-1.333333333333337,-1.3333333333333388,0,0.28479462841525444,1
2.0,0.21052631578947367,0.26882618327333896,0.11111111111111116,6,2.5753047330933567,-1.5543122344752192e-15,-1.403508771929826,-1.4035087719298276,0,0.2686618031460398,1
0.0,0.3157894736842105,0.9999999999999998,3.315162669118229e-32,6,1.5133348821240937,1.6653345369377348e-16,-0.3157894736842111,-0.31578947368421095,0,0.9534085412455172,1
0.10526315789473684,0.3157894736842105,1.000000000000002,4.497993244407251e-32,6,4.500000000000011,-7.216449660063518e-16,-0.37656318623048857,-0.3765631862304893,0,0.9846277038377415,1
0.21052631578947367,0.3157894736842105,1.000000000000003,2.030417298836807e-31,6,4.500000000000016,3.885780586188048e-16,-0.43733689877676485,-0.43733689877676446,0,0.9762554045106864,1
0.3157894736842105,0.3157894736842105,1.0000000000000036,4.8307977422013207e-32,6,4.500000000000017,9.43689570931383e-16,-0.4981106113230425,-0.4981106113230416,0,0.9546518748907816,1
0.42105263157894735,0.3157894736842105,1.000000000000004,9.189471504950319e-32,6,4.500000000000019,-3.3306690738754696e-16,-0.5588843238693175,-0.5588843238693179,0,0.9997103380816383,1
0.5263157894736842,0.3157894736842105,1.000000000000002,5.867567005118626e-32,6,4.500000000000011,6.661338147750939e-16,-0.6196580364155945,-0.6196580364155938,0,0.9961950800252202,1
0.631578947368421,0.3157894736842105,1.000000000000004,1.6301399530261813e-31,6,4.5000000000000195,2.9976021664879227e-15,-0.6804317489618718,-0.6804317489618688,0,0.7422127061218934,1
0.7368421052631579,0.3157894736842105,1.0000000000000036,4.3239646032503554e-32,6,4.500000000000018,1.9984014443252818e-15,-0.7412054615081481,-0.7412054615081461,0,0.9919948046768542,1
0.8421052631578947,0.3157894736842105,1.0000000000000018,3.0051446910393005e-31,6,4.500000000000009,-4.440892098500626e-16,-0.8019791740544228,-0.8019791740544232,0,0.891505538367807,1
0.9473684210526315,0.3157894736842105,1.0000000000000027,1.4133168304027585e-31,6,4.500000000000013,-1.3322676295501878e-15,-0.8627528866006998,-0.8627528866007012,0,0.8910930234715243,1
1.0526315789473684,0.3157894736842105,1.0000000000000009,4.089507663418544e-31,6,4.500000000000005,-3.3306690738754696e-16,-0.9235265991469762,-0.9235265991469765,0,0.9040890220639008,1
1.1578947368421053,0.3157894736842105,1.0000000000000036,1.2490279404623197e-29,6,4.500000000000017,2.9976021664879227e-15,-0.9843003116932553,-0.9843003116932523,0,0.9517021013893684,1
1.263157894736842,0.3157894736842105,1.0000000000000002,5.5507172702957374e-30,6,4.500000000000003,-4.440892098500626e-16,-1.045074024239528,-1.0450740242395284,0,0.8132923378233635,1
1.3684210526315788,0.3157894736842105,1.0000000000000002,3.7509580989182774e-30,6,4.500000000000002,-2.4424906541753444e-15,-1.1058477367858022,-1.1058477367858046,0,0.9679419366123546,1
1.4736842105263157,0.3157894736842105,0.9999999999999996,1.658539540894813e-31,6,4.499999999999999,-8.215650382226158e-15,-1.1666214493320797,-1.166621449332088,0,0.9642711884687198,1
1.5789473684210527,0.3157894736842105,1.0000000000000022,2.2425805947267929e-29,6,4.500000000000011,-5.995204332975845e-15,-1.2273951618783598,-1.2273951618783658,0,0.8169636710667798,1
1.6842105263157894,0.3157894736842105,1.0000000000000004,3.691633424340449e-30,6,4.500000000000003,-8.881784197001252e-16,-1.288168874424633,-1.2881688744246338,0,0.9681248037451533,1
1.789473684210526,0.3157894736842105,0.9999999999999972,2.127503399243934e-29,6,4.499999999999989,-5.995204332975845e-15,-1.348942586970907,-1.348942586970913,0,0.9992304052795169,1
1.894736842105263,0.3157894736842105,1.0000000000000016,8.515929341268371e-31,6,4.500000000000008,0.0,-1.409716299517188,-1.409716299517188,0,0.9748061624211147,1
2.0,0.3157894736842105,1.0,2.329855750900644e-28,6,4.500000000000002,-1.2656542480726785e-14,-1.4704900120634639,-1.4704900120634765,0,0.9682639513403426,1
0.0,0.42105263157894735,1.0000000000000009,2.0486308575883505e-32,6,1.1276497627335078,-1.1102230246251565e-16,-0.4210526315789478,-0.4210526315789479,0,0.8240695161059493,1
0.10526315789473684,0.42105263157894735,1.0000000000000036,1.1016122354887308e-31,6,4.500000000000017,1.4432899320127035e-15,-0.48182634412522635,-0.4818263441252249,0,0.894392524606665,1
0.21052631578947367,0.42105263157894735,1.0000000000000013,1.9054357398612694e-32,6,4.500000000000009,-2.1094237467877974e-15,-0.5426000566715002,-0.5426000566715024,0,0.9374482656960341,1
0.3157894736842105,0.42105263157894735,1.0000000000000009,2.2023874086459832e-32,6,4.500000000000006,0.0,-0.6033737692177785,-0.6033737692177785,0,0.9858621399450831,1
0.42105263157894735,0.42105263157894735,1.0000000000000042,3.2249382393068573e-32,6,4.5000000000000195,8.881784197001252e-16,-0.664147481764057,-0.6641474817640561,0,0.9067009350240063,1
0.5263157894736842,0.42105263157894735,1.0000000000000038,4.626449311544122e-32,6,4.500000000000018,-4.440892098500626e-16,-0.724921194310332,-0.7249211943103324,0,0.9492540969875033,1
0.631578947368421,0.42105263157894735,1.0000000000000013,1.2861024240732067e-31,6,4.500000000000007,-3.3306690738754696e-15,-0.7856949068566064,-0.7856949068566097,0,0.9976125483103602,1
0.7368421052631579,0.42105263157894735,1.000000000000002,8.38560425487592e-32,6,4.500000000000011,-1.1102230246251565e-16,-0.8464686194028838,-0.8464686194028839,0,0.9909657539913632,1
0.8421052631578947,0.42105263157894735,1.0000000000000002,1.5524579893278797e-31,6,4.5000000000000036,-2.3314683517128287e-15,-0.9072423319491585,-0.9072423319491608,0,0.6238325462700616,1
0.9473684210526315,0.42105263157894735,1.0000000000000027,8.532816557448909e-32,6,4.500000000000013,-7.771561172376096e-16,-0.9680160444954383,-0.9680160444954391,0,0.8163607672585632,1
1.0526315789473684,0.42105263157894735,1.0000000000000018,2.9053734202237344e-31,6,4.500000000000009,-3.3306690738754696e-15,-1.0287897570417135,-1.0287897570417168,0,0.9819580726161156,1
1.1578947368421053,0.42105263157894735,1.0000000000000027,5.159397555516385e-31,6,4.500000000000012,1.9984014443252818e-15,-1.0895634695879923,-1.0895634695879903,0,0.9999916780186577,1
1.263157894736842,0.42105263157894735,1.0000000000000027,8.520469063897936e-32,6,4.500000000000013,3.3306690738754696e-15,-1.1503371821342698,-1.1503371821342665,0,0.9101199023467571,1
1.3684210526315788,0.42105263157894735,1.000000000000004,7.776234453393708e-31,6,4.50000000000002,-3.9968028886505635e-15,-1.2111108946805451,-1.211110894680549,0,0.9999975275163153,1
1.4736842105263157,0.42105263157894735,1.0000000000000013,5.860681035720692e-31,6,4.500000000000008,-3.3306690738754696e-15,-1.2718846072268202,-1.2718846072268235,0,0.9480135309520714,1
1.5789473684210527,0.42105263157894735,1.0000000000000027,6.472503393246875e-31,6,4.500000000000013,1.7763568394002505e-15,-1.3326583197730977,-1.332658319773096,0,0.9291014636123804,1
1.6842105263157894,0.42105263157894735,0.9999999999999967,1.037022162182104e-30,6,4.499999999999987,-3.552713678800501e-15,-1.3934320323193699,-1.3934320323193734,0,0.535463599464796,1
1.789473684210526,0.42105263157894735,1.0000000000000047,1.8189932831942984e-30,6,4.500000000000023,-1.1102230246251565e-15,-1.4542057448656527,-1.4542057448656538,0,0.9942438310039318,1
1.894736842105263,0.42105263157894735,1.0000000000000013,1.679994809239394e-30,6,4.500000000000007,-7.327471962526033e-15,-1.514979457411925,-1.5149794574119324,0,0.9783677421063014,1
2.0,0.42105263157894735,0.9999999999999993,5.117780369948324e-31,6,4.499999999999999,8.881784197001252e-16,-1.5757531699582021,-1.5757531699582012,0,0.9402604634180634,1
0.0,0.5263157894736842,1.0000000000000007,1.2539263316635593e-32,6,1.459786023876489,2.220446049250313e-16,-0.5263157894736845,-0.5263157894736843,0,0.9999575719758471,1
0.10526315789473684,0.5263157894736842,1.0000000000000013,3.358241597592741e-32,6,4.500000000000008,-8.881784197001252e-16,-0.5870895020199633,-0.5870895020199642,0,0.9606556656247425,1
0.21052631578947367,0.5263157894736842,1.0000000000000016,5.913696871226562e-32,6,4.500000000000008,-3.3306690738754696e-15,-0.6478632145662385,-0.6478632145662419,0,0.9546328241030397,1
0.3157894736842105,0.5263157894736842,1.0000000000000016,2.5824557246576546e-32,6,4.500000000000008,-8.881784197001252e-16,-0.7086369271125155,-0.7086369271125164,0,0.9940732770102471,1
0.42105263157894735,0.5263157894736842,1.0000000000000007,1.1745039003572014e-31,6,4.5000000000000036,-8.881784197001252e-16,-0.7694106396587913,-0.7694106396587922,0,0.6961047442293986,1
0.5263157894736842,0.5263157894736842,1.0000000000000027,6.499674018216357e-32,6,4.500000000000012,1.7763568394002505e-15,-0.8301843522050714,-0.8301843522050696,0,0.99451900382163,1
0.631578947368421,0.5263157894736842,1.0000000000000033,1.4022521885207496e-31,6,4.500000000000016,7.771561172376096e-16,-0.8909580647513449,-0.8909580647513441,0,0.9999466235085501,1
0.7368421052631579,0.5263157894736842,1.0000000000000024,2.864429936838223e-31,6,4.500000000000012,1.5543122344752192e-15,-0.9517317772976214,-0.9517317772976198,0,0.9604518616459587,1
0.8421052631578947,0.5263157894736842,1.0000000000000033,7.466065389848515e-32,6,4.500000000000017,2.886579864025407e-15,-1.0125054898439003,-1.0125054898438974,0,0.9767403045037978,1
0.9473684210526315,0.5263157894736842,1.0000000000000016,3.300087446305928e-31,6,4.500000000000007,1.3322676295501878e-15,-1.0732792023901736,-1.0732792023901723,0,0.9709067657390983,1
1.0526315789473684,0.5263157894736842,1.0000000000000009,2.0841924308079703e-32,6,4.500000000000005,1.7763568394002505e-15,-1.1340529149364507,-1.1340529149364489,0,0.743463169924958,1
1.1578947368421053,0.5263157894736842,1.0000000000000027,7.235557034116558e-32,6,4.500000000000014,-3.1086244689504383e-15,-1.1948266274827277,-1.1948266274827308,0,0.9912213598634834,1
1.263157894736842,0.5263157894736842,1.0000000000000033,2.1264765193239163e-31,6,4.500000000000017,8.881784197001252e-16,-1.255600340029005,-1.2556003400290041,0,0.778267468715951,1
1.3684210526315788,0.5263157894736842,1.0000000000000016,7.080487521129234e-32,6,4.500000000000009,-1.1102230246251565e-15,-1.3163740525752792,-1.3163740525752803,0,0.9782464449169642,1
1.4736842105263157,0.5263157894736842,1.0000000000000013,4.5935035542587437e-32,6,4.500000000000008,2.886579864025407e-15,-1.377147765121557,-1.377147765121554,0,0.8711014409719553,1
1.5789473684210527,0.5263157894736842,1.0000000000000018,6.0444968144587224e-30,6,4.50000000000001,-1.9984014443252818e-15,-1.4379214776678346,-1.4379214776678366,0,0.9967199841071979,1
1.6842105263157894,0.5263157894736842,1.0000000000000016,4.627899725805949e-31,6,4.500000000000008,8.881784197001252e-16,-1.4986951902141126,-1.4986951902141117,0,0.9769598730352519,1
1.789473684210526,0.5263157894736842,1.0000000000000027,2.3297560545717733e-31,6,4.500000000000013,0.0,-1.5594689027603907,-1.5594689027603907,0,0.7910712202428432,1
1.894736842105263,0.5263157894736842,1.0000000000000018,7.879012655397564e-32,6,4.500000000000009,6.661338147750939e-16,-1.6202426153066631,-1.6202426153066625,0,0.42630701435070995,1
2.0,0.5263157894736842,1.0000000000000053,4.482900543854315e-31,6,4.500000000000025,-4.884981308350689e-15,-1.6810163278529426,-1.6810163278529475,0,0.8728093472166352,1
0.0,0.631578947368421,1.0000000000000004,2.420218474670654e-32,6,1.6907949178034287,-5.551115123125783e-16,-0.6315789473684216,-0.6315789473684221,0,0.965866736555321,1
0.10526315789473684,0.631578947368421,1.0000000000000033,5.612902692249672e-32,6,4.500000000000016,-4.440892098500626e-16,-0.6923526599147,-0.6923526599147004,0,0.3954958379792345,1
0.21052631578947367,0.631578947368421,1.0,5.480835614654488e-32,6,4.500000000000002,-2.1094237467877974e-15,-0.7531263724609756,-0.7531263724609777,0,0.9674863713593994,1
0.3157894736842105,0.631578947368421,0.9999999999999991,3.5499797619248497e-32,6,4.499999999999997,-3.219646771412954e-15,-0.8139000850072504,-0.8139000850072536,0,0.9312513440142004,1
0.42105263157894735,0.631578947368421,1.0000000000000002,2.8020033388230266e-31,6,4.500000000000001,-3.219646771412954e-15,-0.8746737975535277,-0.8746737975535309,0,0.764596855705179,1
0.5263157894736842,0.631578947368421,1.0000000000000004,1.4763751304902383e-32,6,4.5000000000000036,-4.440892098500626e-15,-0.9354475100998032,-0.9354475100998076,0,0.7838734865253537,1
0.631578947368421,0.631578947368421,1.0000000000000018,1.7020751884501253e-32,6,4.500000000000011,-3.6637359812630166e-15,-0.9962212226460823,-0.9962212226460859,0,0.9935025186853057,1
0.7368421052631579,0.631578947368421,1.000000000000002,1.3171958729758633e-31,6,4.500000000000011,1.5543122344752192e-15,-1.0569949351923607,-1.056994935192359,0,0.977802903012587,1
0.8421052631578947,0.631578947368421,1.000000000000003,1.555270510267845e-31,6,4.500000000000016,2.220446049250313e-15,-1.1177686477386362,-1.117768647738634,0,0.8337497086563664,1
0.9473684210526315,0.631578947368421,1.0000000000000013,3.3366892205734563e-31,6,4.500000000000009,-1.9984014443252818e-15,-1.1785423602849123,-1.1785423602849143,0,0.9888755912365105,1
1.0526315789473684,0.631578947368421,1.000000000000001,1.0559828693586736e-31,6,4.500000000000005,8.881784197001252e-16,-1.2393160728311872,-1.2393160728311863,0,0.7195815707612769,1
1.1578947368421053,0.631578947368421,1.000000000000001,3.136237489442979e-31,6,4.500000000000005,-1.5543122344752192e-15,-1.3000897853774651,-1.3000897853774667,0,0.9900129607227849,1
1.263157894736842,0.631578947368421,1.0000000000000018,8.099985208804456e-32,6,4.500000000000009,0.0,-1.3608634979237402,-1.3608634979237402,0,0.9848935941824462,1
1.3684210526315788,0.631578947368421,1.0000000000000018,1.0286521403876089e-31,6,4.50000000000001,1.3322676295501878e-15,-1.4216372104700181,-1.4216372104700168,0,0.9998907345776478,1
1.4736842105263157,0.631578947368421,1.0000000000000036,3.9324828692896017e-31,6,4.500000000000018,6.8833827526759706e-15,-1.482410923016297,-1.48241092301629,0,0.8829428848016252,1
1.5789473684210527,0.631578947368421,1.0000000000000018,2.6376923582263253e-31,6,4.500000000000009,8.881784197001252e-16,-1.54318463556257,-1.5431846355625691,0,0.9999896078594072,1
1.6842105263157894,0.631578947368421,1.000000000000003,1.6520901437286163e-31,6,4.500000000000015,6.661338147750939e-16,-1.603958348108848,-1.6039583481088473,0,0.9995926972966511,1
1.789473684210526,0.631578947368421,1.0000000000000022,3.205959564513956e-32,6,4.500000000000011,-4.440892098500626e-16,-1.6647320606551241,-1.6647320606551246,0,0.8452206863068747,1
1.894736842105263,0.631578947368421,1.0000000000000049,2.5001273863127972e-31,6,4.500000000000023,2.220446049250313e-15,-1.7255057732014036,-1.7255057732014014,0,0.8658912411461843,1
2.0,0.631578947368421,1.0000000000000027,2.1282217433181153e-31,6,4.500000000000014,-1.5543122344752192e-15,-1.7862794857476787,-1.7862794857476803,0,0.9527474818119235,1
0.0,0.7368421052631579,0.9999999999999993,2.6636058660900165e-32,6,1.724786994978038,9.992007221626409e-16,-0.7368421052631589,-0.7368421052631579,0,0.9816866065347919,1
0.10526315789473684,0.7368421052631579,1.000000000000002,4.758337394971353e-32,6,4.500000000000011,-2.3314683517128287e-15,-0.7976158178094358,-0.7976158178094381,0,0.8361897942694207,1
0.21052631578947367,0.7368421052631579,1.0000000000000027,4.703240850786475e-32,6,4.500000000000012,5.551115123125783e-16,-0.8583895303557131,-0.8583895303557125,0,0.9677237434995254,1
0.3157894736842105,0.7368421052631579,1.000000000000001,1.0955416623544039e-31,6,4.500000000000008,-1.5543122344752192e-15,-0.9191632429019893,-0.9191632429019908,0,0.5597591913227156,1
0.42105263157894735,0.7368421052631579,1.0000000000000022,3.9954288935030704e-32,6,4.500000000000011,2.6645352591003757e-15,-0.9799369554482649,-0.9799369554482622,0,0.9940411319781477,1
0.5263157894736842,0.7368421052631579,1.0000000000000036,1.682434848224017e-31,6,4.500000000000017,-6.661338147750939e-16,-1.040710667994543,-1.0407106679945437,0,0.905803969610061,1
0.631578947368421,0.7368421052631579,0.9999999999999993,1.2286013363481948e-31,6,4.499999999999999,-1.3322676295501878e-15,-1.101484380540817,-1.1014843805408183,0,0.8826755708005566,1
0.7368421052631579,0.7368421052631579,1.0000000000000022,3.2062460819068714e-32,6,4.500000000000012,2.220446049250313e-15,-1.1622580930870985,-1.1622580930870963,0,0.9044550764547296,1
0.8421052631578947,0.7368421052631579,1.0000000000000013,3.6418590166392315e-32,6,4.500000000000007,8.881784197001252e-16,-1.2230318056333747,-1.2230318056333738,0,0.3747702845284179,1
0.9473684210526315,0.7368421052631579,1.0000000000000013,1.316094038462581e-31,6,4.500000000000007,2.6645352591003757e-15,-1.2838055181796475,-1.2838055181796448,0,0.998863175673723,1
1.0526315789473684,0.7368421052631579,1.0000000000000016,5.669950118959538e-32,6,4.500000000000008,-5.10702591327572e-15,-1.3445792307259254,-1.3445792307259306,0,0.8934902661601272,1
1.1578947368421053,0.7368421052631579,1.0000000000000033,9.820465451438512e-32,6,4.500000000000016,-4.440892098500626e-16,-1.4053529432722023,-1.4053529432722027,0,0.6791227961681467,1
1.263157894736842,0.7368421052631579,1.0000000000000004,5.839019910883464e-32,6,4.500000000000004,-3.3306690738754696e-15,-1.4661266558184756,-1.466126655818479,0,0.929875737367753,1
1.3684210526315788,0.7368421052631579,1.000000000000003,1.1142889850355455e-31,6,4.500000000000014,1.5543122344752192e-15,-1.526900368364756,-1.5269003683647544,0,0.9934263296909113,1
1.4736842105263157,0.7368421052631579,1.000000000000003,1.0247903921050858e-31,6,4.500000000000016,1.3322676295501878e-15,-1.5876740809110335,-1.5876740809110321,0,0.996093669688358,1
1.5789473684210527,0.7368421052631579,1.0000000000000013,3.5456539833847606e-32,6,4.500000000000008,6.661338147750939e-16,-1.6484477934573076,-1.648447793457307,0,0.9827880164744845,1
1.6842105263157894,0.7368421052631579,1.0000000000000004,4.2562931409505913e-32,6,4.5000000000000036,-3.1086244689504383e-15,-1.709221506003584,-1.7092215060035871,0,0.9865447847873533,1
1.789473684210526,0.7368421052631579,1.0000000000000027,1.870614573901083e-31,6,4.500000000000014,1.5543122344752192e-15,-1.769995218549861,-1.7699952185498595,0,0.9400157865234664,1
1.894736842105263,0.7368421052631579,1.0000000000000009,1.0053333670187676e-31,6,4.500000000000005,-1.7763568394002505e-15,-1.8307689310961335,-1.8307689310961353,0,0.9967064088254355,1
2.0,0.7368421052631579,1.0000000000000018,7.592119972060753e-32,6,4.500000000000009,5.329070518200751e-15,-1.8915426436424154,-1.89154264364241,0,0.9621376701524701,1
0.0,0.8421052631578947,1.0000000000000007,5.747119204474996e-32,6,1.4116341477232734,-2.220446049250313e-16,-0.8421052631578949,-0.8421052631578951,0,0.9971136978506868,1
0.10526315789473684,0.8421052631578947,1.0000000000000013,1.0478382323251108e-31,6,4.500000000000005,-3.885780586188048e-15,-0.9028789757041734,-0.9028789757041773,0,0.9985980753614352,1
0.21052631578947367,0.8421052631578947,1.0000000000000024,3.8211555017232724e-32,6,4.500000000000012,5.551115123125783e-16,-0.963652688250451,-0.9636526882504505,0,0.9970115858849956,1
0.3157894736842105,0.8421052631578947,0.9999999999999998,1.0748425852501634e-31,6,4.500000000000001,-3.9968028886505635e-15,-1.0244264007967232,-1.0244264007967272,0,0.9999418205252762,1
0.42105263157894735,0.8421052631578947,1.0000000000000044,2.7070056800021393e-32,6,4.500000000000021,1.3322676295501878e-15,-1.0852001133430047,-1.0852001133430034,0,0.9923180594368922,1
0.5263157894736842,0.8421052631578947,1.0000000000000009,4.2448085136303023e-32,6,4.500000000000005,-1.9984014443252818e-15,-1.1459738258892769,-1.1459738258892789,0,0.7367573208956041,1
0.631578947368421,0.8421052631578947,1.0000000000000013,1.9052278538001911e-31,6,4.500000000000008,-3.1086244689504383e-15,-1.2067475384355553,-1.2067475384355584,0,0.9789199259802176,1
0.7368421052631579,0.8421052631578947,1.0000000000000036,7.838066995210497e-32,6,4.500000000000017,-3.1086244689504383e-15,-1.2675212509818323,-1.2675212509818354,0,0.9982749211224055,1
0.8421052631578947,0.8421052631578947,1.000000000000002,1.131943988728054e-31,6,4.50000000000001,5.10702591327572e-15,-1.3282949635281127,-1.3282949635281076,0,0.9357274667423645,1
0.9473684210526315,0.8421052631578947,1.000000000000001,9.081052754466403e-32,6,4.500000000000006,-1.9984014443252818e-15,-1.3890686760743838,-1.3890686760743858,0,0.7400937395990395,1
1.0526315789473684,0.8421052631578947,1.0000000000000009,2.5676790582149066e-32,6,4.500000000000006,-1.7763568394002505e-15,-1.4498423886206602,-1.449842388620662,0,0.9316900579862973,1
1.1578947368421053,0.8421052631578947,1.0000000000000022,2.661946361600904e-32,6,4.5000000000000115,3.3306690738754696e-15,-1.5106161011669401,-1.5106161011669368,0,0.9997601022109049,1
1.263157894736842,0.8421052631578947,1.0000000000000009,2.2592812215168995e-31,6,4.500000000000005,-4.6629367034256575e-15,-1.5713898137132136,-1.5713898137132183,0,0.9999834776355069,1
1.3684210526315788,0.8421052631578947,1.0000000000000016,7.048855525335969e-32,6,4.500000000000008,-4.440892098500626e-15,-1.6321635262594902,-1.6321635262594947,0,0.8683877516656036,1
1.4736842105263157,0.8421052631578947,1.0000000000000027,3.924436216848055e-32,6,4.500000000000012,-1.3322676295501878e-15,-1.6929372388057673,-1.6929372388057686,0,0.8503364409524524,1
1.5789473684210527,0.8421052631578947,1.0000000000000036,1.3652725387217333e-31,6,4.500000000000018,4.440892098500626e-16,-1.7537109513520461,-1.7537109513520457,0,0.9758806415938747,1
1.6842105263157894,0.8421052631578947,1.0000000000000009,2.09264029989907e-31,6,4.500000000000005,-2.4424906541753444e-15,-1.814484663898321,-1.8144846638983234,0,0.4205792817391325,1
1.789473684210526,0.8421052631578947,1.0000000000000044,1.060826483830658e-31,6,4.500000000000021,1.1102230246251565e-15,-1.8752583764445994,-1.8752583764445983,0,0.9082631358336213,1
1.894736842105263,0.8421052631578947,1.0000000000000036,9.143968827539551e-32,6,4.500000000000016,1.9984014443252818e-15,-1.936032088990876,-1.936032088990874,0,0.94092859434967,1
2.0,0.8421052631578947,1.0000000000000018,1.6532209349855927e-31,6,4.500000000000009,1.9984014443252818e-15,-1.9968058015371526,-1.9968058015371506,0,0.9997456836227914,1
0.0,0.9473684210526315,1.0000000000000009,5.615773250783475e-32,6,1.5164913673236868,4.440892098500626e-16,-0.9473684210526329,-0.9473684210526324,0,0.9938459574517294,1
0.10526315789473684,0.9473684210526315,1.000000000000003,1.805001972104492e-31,6,4.500000000000018,-3.552713678800501e-15,-1.0081421335989122,-1.0081421335989158,0,0.7065485260766038,1
0.21052631578947367,0.9473684210526315,1.000000000000003,3.1114174829731416e-32,6,4.500000000000015,-4.6629367034256575e-15,-1.0689158461451873,-1.068915846145192,0,0.9952992586124095,1
0.3157894736842105,0.9473684210526315,1.0000000000000018,2.2601504976059015e-32,6,4.500000000000011,-2.4424906541753444e-15,-1.1296895586914637,-1.1296895586914661,0,0.9087362589662942,1
0.42105263157894735,0.9473684210526315,1.0000000000000036,9.404972886019061e-32,6,4.5000000000000195,6.661338147750939e-16,-1.190463271237741,-1.1904632712377403,0,0.8321633520883723,1
0.5263157894736842,0.9473684210526315,1.0000000000000018,2.8223165614991956e-32,6,4.500000000000009,0.0,-1.2512369837840156,-1.2512369837840156,0,0.8435719008065665,1
0.631578947368421,0.9473684210526315,1.0000000000000033,1.5100980525562136e-32,6,4.500000000000017,-1.7763568394002505e-15,-1.3120106963302935,-1.3120106963302953,0,0.8869071609253096,1
0.7368421052631579,0.9473684210526315,1.0000000000000009,5.818261625191442e-32,6,4.500000000000005,3.774758283725532e-15,-1.372784408876573,-1.3727844088765693,0,0.8415760357590161,1
0.8421052631578947,0.9473684210526315,1.0000000000000036,7.458099645557855e-32,6,4.500000000000016,-2.4424906541753444e-15,-1.4335581214228477,-1.43355812142285,0,0.8964048057974427,1
0.9473684210526315,0.9473684210526315,1.0000000000000002,1.4352120715705883e-31,6,4.500000000000003,-6.217248937900877e-15,-1.4943318339691198,-1.494331833969126,0,0.837288164682081,1
1.0526315789473684,0.9473684210526315,1.0000000000000024,2.6459086608707515e-32,6,4.500000000000013,-7.771561172376096e-15,-1.555105546515398,-1.5551055465154058,0,0.38037992469857396,1
1.1578947368421053,0.9473684210526315,1.0000000000000018,7.481395310951385e-32,6,4.500000000000011,4.440892098500626e-16,-1.6158792590616768,-1.6158792590616764,0,0.999914580706594,1
1.263157894736842,0.9473684210526315,0.9999999999999998,2.7014651929087856e-32,6,4.500000000000001,-7.105427357601002e-15,-1.6766529716079477,-1.6766529716079548,0,0.6546404872337253,1
1.3684210526315788,0.9473684210526315,1.0000000000000038,1.2023212106079159e-31,6,4.5000000000000195,-2.220446049250313e-15,-1.7374266841542307,-1.737426684154233,0,0.852700993136486,1
1.4736842105263157,0.9473684210526315,1.0000000000000036,7.114310091008923e-32,6,4.500000000000016,-2.220446049250313e-16,-1.7982003967005071,-1.7982003967005074,0,0.6813942606666227,1
1.5789473684210527,0.9473684210526315,1.0000000000000004,3.3873968638954766e-32,6,4.5000000000000036,-1.3322676295501878e-15,-1.8589741092467802,-1.8589741092467815,0,0.9998914001208001,1
1.6842105263157894,0.9473684210526315,1.0000000000000022,7.365719351273626e-32,6,4.500000000000011,2.220446049250313e-15,-1.9197478217930588,-1.9197478217930566,0,0.994784834843433,1
1.789473684210526,0.9473684210526315,1.0000000000000033,5.991648367011441e-32,6,4.500000000000016,5.773159728050814e-15,-1.9805215343393379,-1.980521534339332,0,0.9481110251467261,1
1.894736842105263,0.9473684210526315,1.0000000000000027,1.5183263362796011e-31,6,4.500000000000014,-5.773159728050814e-15,-2.0412952468856087,-2.0412952468856145,0,0.9582839802568466,1
2.0,0.9473684210526315,1.0000000000000042,5.893804476519492e-32,6,4.500000000000021,7.549516567451064e-15,-2.1020689594318918,-2.102068959431884,0,0.999484345044527,1
0.0,1.0526315789473684,0.9999999999999997,6.357237298922731e-32,6,1.5247442452328253,4.440892098500626e-16,-1.0526315789473697,-1.0526315789473693,0,0.9289500964122558,1
0.10526315789473684,1.0526315789473684,1.0000000000000007,3.5486790809842103e-32,6,4.500000000000005,-1.0436096431476471e-14,-1.113405291493644,-1.1134052914936545,0,0.9829435977349086,1
0.21052631578947367,1.0526315789473684,1.0000000000000027,1.2454518994850534e-31,6,4.5000000000000115,-3.3306690738754696e-15,-1.1741790040399225,-1.1741790040399258,0,0.9959185612349089,1
0.3157894736842105,1.0526315789473684,0.9999999999999989,3.9067405388325576e-32,6,4.499999999999997,-1.9984014443252818e-15,-1.234952716586198,-1.2349527165862,0,0.4987822907829551,1
0.42105263157894735,1.0526315789473684,1.0000000000000024,9.362369100709206e-32,6,4.500000000000012,-1.1102230246251565e-15,-1.2957264291324757,-1.2957264291324768,0,0.6658910545024241,1
0.5263157894736842,1.0526315789473684,0.999999999999999,2.552543594067242e-32,6,4.499999999999997,-5.551115123125783e-15,-1.3565001416787494,-1.356500141678755,0,0.7890475995521216,1
0.631578947368421,1.0526315789473684,1.0000000000000016,1.4533584181705897e-32,6,4.500000000000009,0.0,-1.4172738542250318,-1.4172738542250318,0,0.936793181000287,1
0.7368421052631579,1.0526315789473684,1.0000000000000013,6.733897123035084e-32,6,4.500000000000008,-6.439293542825908e-15,-1.4780475667713044,-1.4780475667713109,0,0.7995293357090264,1
0.8421052631578947,1.0526315789473684,1.0000000000000018,4.0734133357962795e-32,6,4.50000000000001,1.1102230246251565e-15,-1.5388212793175844,-1.5388212793175833,0,0.5743229032071007,1
0.9473684210526315,1.0526315789473684,1.0000000000000002,3.068074262668732e-32,6,4.500000000000002,-4.6629367034256575e-15,-1.5995949918638592,-1.599594991863864,0,0.8098919988783699,1
1.0526315789473684,1.0526315789473684,1.0000000000000022,2.550177734393557e-31,6,4.500000000000012,1.3322676295501878e-15,-1.6603687044101387,-1.6603687044101374,0,0.9992300716579614,1
1.1578947368421053,1.0526315789473684,1.0000000000000036,6.003360262463377e-32,6,4.500000000000017,1.7763568394002505e-15,-1.7211424169564136,-1.7211424169564118,0,0.981996224691987,1
1.263157894736842,1.0526315789473684,1.0000000000000013,2.4888961830570316e-32,6,4.500000000000007,-1.7763568394002505e-15,-1.781916129502688,-1.7819161295026897,0,0.9999530863528254,1
1.3684210526315788,1.0526315789473684,1.000000000000001,5.855683942519789e-32,6,4.500000000000006,-1.9984014443252818e-15,-1.8426898420489637,-1.8426898420489657,0,0.9967678403001375,1
1.4736842105263157,1.0526315789473684,1.0000000000000013,5.368909827869168e-32,6,4.500000000000008,-6.439293542825908e-15,-1.9034635545952392,-1.9034635545952456,0,0.8475161178019509,1
1.5789473684210527,1.0526315789473684,1.0000000000000027,8.460681626282257e-32,6,4.500000000000012,-4.884981308350689e-15,-1.964237267141519,-1.9642372671415238,0,0.9407278135863822,1
1.6842105263157894,1.0526315789473684,1.000000000000003,9.213620518386488e-32,6,4.500000000000016,0.0,-2.0250109796877998,-2.0250109796877998,0,0.9399657548508686,1
1.789473684210526,1.0526315789473684,1.0000000000000029,5.024156648820386e-32,6,4.500000000000015,3.552713678800501e-15,-2.0857846922340726,-2.085784692234069,0,0.8830783004020543,1
1.894736842105263,1.0526315789473684,0.9999999999999988,1.4769155129337002e-31,6,4.4999999999999964,-4.440892098500626e-16,-2.1465584047803445,-2.146558404780345,0,0.8953595747379933,1
2.0,1.0526315789473684,1.0000000000000038,6.52846153201722e-32,6,4.500000000000018,-8.881784197001252e-16,-2.207332117326628,-2.207332117326629,0,0.9956124622621266,1
0.0,1.1578947368421053,0.9999999999999993,3.6220757883078727e-32,6,1.3438327292315773,4.440892098500626e-16,-1.157894736842107,-1.1578947368421066,0,0.9962291475589377,1
0.10526315789473684,1.1578947368421053,1.000000000000002,8.685176397057172e-32,6,4.500000000000011,-5.773159728050814e-15,-1.2186684493883833,-1.218668449388389,0,0.9978760559299779,1
0.21052631578947367,1.1578947368421053,1.0000000000000027,7.175760673776977e-32,6,4.500000000000018,-7.771561172376096e-15,-1.2794421619346588,-1.2794421619346665,0,0.9982282771356886,1
0.3157894736842105,1.1578947368421053,1.000000000000005,3.88772986476537e-32,6,4.500000000000023,2.220446049250313e-15,-1.3402158744809403,-1.340215874480938,0,0.7386674537469993,1
0.42105263157894735,1.1578947368421053,1.0000000000000022,1.5898909745365475e-31,6,4.500000000000011,4.440892098500626e-16,-1.4009895870272144,-1.400989587027214,0,0.9984025297331492,1
0.5263157894736842,1.1578947368421053,1.0000000000000016,4.746594223483323e-32,6,4.500000000000008,-8.881784197001252e-16,-1.461763299573491,-1.461763299573492,0,0.8478502841752898,1
0.631578947368421,1.1578947368421053,1.0000000000000036,6.43551456991767e-32,6,4.500000000000018,2.4424906541753444e-15,-1.5225370121197688,-1.5225370121197663,0,0.4856634429123764,1
0.7368421052631579,1.1578947368421053,1.0000000000000027,3.888695032203675e-32,6,4.500000000000012,8.881784197001252e-16,-1.5833107246660476,-1.5833107246660467,0,0.8621248575728213,1
0.8421052631578947,1.1578947368421053,0.9999999999999993,7.157001588082442e-32,6,4.499999999999999,-7.549516567451064e-15,-1.6440844372123182,-1.6440844372123258,0,0.9956321771038746,1
0.9473684210526315,1.1578947368421053,1.0000000000000018,7.436078188438149e-32,6,4.500000000000011,4.440892098500626e-16,-1.704858149758599,-1.7048581497585986,0,0.3013678537698077,1
1.0526315789473684,1.1578947368421053,1.0000000000000027,1.8436217334324766e-31,6,4.500000000000012,-2.220446049250313e-15,-1.7656318623048746,-1.7656318623048768,0,0.6508689220077417,1
1.1578947368421053,1.1578947368421053,1.0000000000000013,7.882819804429603e-32,6,4.500000000000008,-3.9968028886505635e-15,-1.8264055748511483,-1.8264055748511523,0,0.9711272304082847,1
1.263157894736842,1.1578947368421053,1.0000000000000022,2.377999153015776e-31,6,4.500000000000011,-4.440892098500626e-15,-1.8871792873974262,-1.8871792873974307,0,0.8477900828491435,1
1.3684210526315788,1.1578947368421053,1.0000000000000013,3.05685177884878e-32,6,4.500000000000007,-1.1102230246251565e-15,-1.9479529999437022,-1.9479529999437033,0,0.9968567879370145,1
1.4736842105263157,1.1578947368421053,1.0000000000000024,1.6318817815454053e-31,6,4.500000000000012,3.1086244689504383e-15,-2.008726712489982,-2.008726712489979,0,0.9986651822812043,1
1.5789473684210527,1.1578947368421053,1.0000000000000018,1.5125294475661724e-31,6,4.50000000000001,4.884981308350689e-15,-2.0695004250362543,-2.0695004250362494,0,0.9200228710025449,1
1.6842105263157894,1.1578947368421053,1.0000000000000022,1.641533951422613e-31,6,4.5000000000000115,4.884981308350689e-15,-2.1302741375825356,-2.1302741375825307,0,0.7640137991591239,1
1.789473684210526,1.1578947368421053,1.0000000000000044,4.6641753185992845e-32,6,4.500000000000021,5.773159728050814e-15,-2.1910478501288155,-2.1910478501288098,0,0.9847708569211627,1
1.894736842105263,1.1578947368421053,1.0000000000000022,5.427665758438819e-32,6,4.5000000000000115,-2.6645352591003757e-15,-2.2518215626750884,-2.251821562675091,0,0.9901700234181577,1
2.0,1.1578947368421053,1.0000000000000049,4.033063131276768e-32,6,4.500000000000025,-1.7763568394002505e-15,-2.312595275221365,-2.312595275221367,0,0.9503404734338029,1
0.0,1.263157894736842,0.9999999999999998,3.225570938908522e-32,6,1.804129648377511,-4.440892098500626e-16,-1.2631578947368427,-1.2631578947368431,0,0.9988375363037255,1
0.10526315789473684,1.263157894736842,1.0000000000000009,4.8736313125663535e-32,6,4.500000000000004,-7.993605777301127e-15,-1.3239316072831215,-1.3239316072831295,0,0.9999980478412194,1
0.21052631578947367,1.263157894736842,0.9999999999999991,6.387516166714577e-32,6,4.4999999999999964,-5.10702591327572e-15,-1.3847053198293975,-1.3847053198294026,0,0.9292700001662869,1
0.3157894736842105,1.263157894736842,1.000000000000004,1.8868610060042393e-32,6,4.500000000000019,-8.881784197001252e-16,-1.4454790323756763,-1.4454790323756772,0,0.68688484360298,1
0.42105263157894735,1.263157894736842,1.0,4.554329797880685e-32,6,4.500000000000002,-1.0880185641326534e-14,-1.5062527449219467,-1.5062527449219576,0,0.933161501804654,1
0.5263157894736842,1.263157894736842,1.0000000000000029,6.189264381242777e-32,6,4.500000000000014,-7.549516567451064e-15,-1.567026457468226,-1.5670264574682335,0,0.8953943858939812,1
0.631578947368421,1.263157894736842,0.9999999999999984,1.9092819255954047e-32,6,4.499999999999995,-5.329070518200751e-15,-1.6278001700145,-1.6278001700145053,0,0.9605774621031096,1
0.7368421052631579,1.263157894736842,1.0000000000000036,2.507070858485104e-32,6,4.500000000000016,1.7763568394002505e-15,-1.688573882560784,-1.6885738825607821,0,0.917318529259631,1
0.8421052631578947,1.263157894736842,1.0000000000000013,4.98642655316852e-32,6,4.500000000000007,-7.327471962526033e-15,-1.7493475951070538,-1.7493475951070612,0,0.9362489555858506,1
0.9473684210526315,1.263157894736842,1.000000000000002,1.1059065068868095e-31,6,4.5000000000000115,-1.7763568394002505e-15,-1.8101213076533338,-1.8101213076533356,0,0.9178428598203546,1
1.0526315789473684,1.263157894736842,1.0000000000000018,2.6349002120986366e-32,6,4.500000000000009,5.10702591327572e-15,-1.8708950201996124,-1.8708950201996073,0,0.9381767209019356,1
1.1578947368421053,1.263157894736842,1.0000000000000004,5.317050534755362e-32,6,4.500000000000003,-5.773159728050814e-15,-1.9316687327458848,-1.9316687327458906,0,0.9044032605296448,1
1.263157894736842,1.263157894736842,1.0000000000000044,2.845700643951658e-32,6,4.500000000000021,7.993605777301127e-15,-1.992442445292167,-1.992442445292159,0,0.9666509545770133,1
1.3684210526315788,1.263157894736842,1.000000000000003,3.7527228863065676e-31,6,4.500000000000016,8.43769498715119e-15,-2.053216157838442,-2.0532161578384334,0,0.9950747390151969,1
1.4736842105263157,1.263157894736842,1.000000000000003,2.4868690968752384e-32,6,4.500000000000014,-7.549516567451064e-15,-2.1139898703847186,-2.113989870384726,0,0.9640941294244996,1
1.5789473684210527,1.263157894736842,1.0000000000000018,3.5387079809355e-32,6,4.500000000000011,-4.440892098500626e-15,-2.174763582930993,-2.1747635829309973,0,0.8314543510491831,1
1.6842105263157894,1.263157894736842,1.0000000000000038,8.453170689325764e-32,6,4.500000000000019,-8.881784197001252e-15,-2.2355372954772723,-2.235537295477281,0,0.6331925553167655,1
1.789473684210526,1.263157894736842,1.0000000000000009,1.1411433776166402e-31,6,4.500000000000005,-5.773159728050814e-15,-2.2963110080235443,-2.29631100802355,0,0.9295868699312251,1
1.894736842105263,1.263157894736842,1.0000000000000029,2.117744481679238e-31,6,4.500000000000014,-1.7763568394002505e-15,-2.3570847205698233,-2.357084720569825,0,0.9977031500323157,1
2.0,1.263157894736842,0.9999999999999989,4.3472386369336023e-32,6,4.4999999999999964,-5.773159728050814e-15,-2.4178584331160935,-2.4178584331160993,0,0.991862064863958,1
0.0,1.3684210526315788,0.9999999999999997,3.4062834151042346e-31,6,1.585784535207708,0.0,-1.368421052631582,-1.368421052631582,0,0.9263500845378667,1
0.10526315789473684,1.3684210526315788,1.0000000000000018,5.323457813164681e-32,6,4.500000000000014,-3.552713678800501e-15,-1.4291947651778607,-1.4291947651778643,0,0.9991791577329988,1
0.21052631578947367,1.3684210526315788,1.0,5.733918358629317e-32,6,4.500000000000003,-7.327471962526033e-15,-1.4899684777241338,-1.489968477724141,0,0.9952615970492672,1
0.3157894736842105,1.3684210526315788,1.0000000000000018,1.1173876939237527e-31,6,4.500000000000009,-3.552713678800501e-15,-1.5507421902704106,-1.5507421902704142,0,0.9553456535675645,1
0.42105263157894735,1.3684210526315788,1.0000000000000013,4.2097933779091357e-32,6,4.500000000000007,2.220446049250313e-15,-1.611515902816689,-1.6115159028166868,0,0.9962731188066054,1
0.5263157894736842,1.3684210526315788,1.000000000000002,4.620170209409503e-32,6,4.500000000000011,-9.325873406851315e-15,-1.6722896153629654,-1.6722896153629747,0,0.9840262373476333,1
0.631578947368421,1.3684210526315788,1.0000000000000027,6.366225214518187e-32,6,4.500000000000014,-2.220446049250313e-15,-1.733063327909244,-1.7330633279092462,0,0.9916186871184728,1
0.7368421052631579,1.3684210526315788,1.000000000000004,8.178909639900665e-32,6,4.500000000000019,-1.5543122344752192e-15,-1.7938370404555202,-1.7938370404555217,0,0.9990960487306927,1
0.8421052631578947,1.3684210526315788,1.000000000000001,1.997720553621085e-32,6,4.500000000000007,-2.886579864025407e-15,-1.854610753001793,-1.854610753001796,0,0.9907878049225771,1
0.9473684210526315,1.3684210526315788,1.0000000000000022,9.38745989702772e-32,6,4.500000000000011,-7.771561172376096e-15,-1.9153844655480696,-1.9153844655480774,0,0.5553120740100073,1
1.0526315789473684,1.3684210526315788,1.0000000000000013,3.184572819140466e-32,6,4.500000000000007,-1.9984014443252818e-15,-1.9761581780943476,-1.9761581780943496,0,0.9437049997776696,1
1.1578947368421053,1.3684210526315788,1.0000000000000038,9.370155491333323e-32,6,4.500000000000018,3.1086244689504383e-15,-2.0369318906406266,-2.0369318906406235,0,0.7930550509512835,1
1.263157894736842,1.3684210526315788,1.000000000000004,1.279678986913852e-31,6,4.500000000000021,-7.993605777301127e-15,-2.0977056031869004,-2.0977056031869084,0,0.9986299705383819,1
1.3684210526315788,1.3684210526315788,1.0000000000000022,6.286533776767136e-32,6,4.500000000000011,7.105427357601002e-15,-2.15847931573318,-2.1584793157331728,0,0.9813467543871455,1
1.4736842105263157,1.3684210526315788,1.0000000000000029,3.135743097308605e-32,6,4.500000000000014,-3.552713678800501e-15,-2.219253028279453,-2.2192530282794567,0,0.9891311057679743,1
1.5789473684210527,1.3684210526315788,1.0000000000000036,4.5265473894344346e-32,6,4.500000000000018,-6.661338147750939e-15,-2.280026740825726,-2.2800267408257326,0,0.6414943128643696,1
1.6842105263157894,1.3684210526315788,1.0000000000000027,2.2744639104614026e-32,6,4.500000000000014,-5.329070518200751e-15,-2.3408004533720077,-2.340800453372013,0,0.9606281626635405,1
1.789473684210526,1.3684210526315788,1.0000000000000027,8.355158423334303e-32,6,4.500000000000013,1.7763568394002505e-15,-2.401574165918284,-2.4015741659182823,0,0.5488090408749198,1
1.894736842105263,1.3684210526315788,1.0000000000000047,1.6901574492919138e-31,6,4.500000000000023,1.0658141036401503e-14,-2.4623478784645623,-2.4623478784645516,0,0.9944801676223894,1
2.0,1.3684210526315788,1.0000000000000027,7.280379512982837e-32,6,4.500000000000012,-2.220446049250313e-15,-2.523121591010835,-2.5231215910108373,0,0.9851328549275936,1
0.0,1.4736842105263157,1.0000000000000007,7.073121660152909e-32,6,1.2498167017217159,-6.661338147750939e-16,-1.4736842105263164,-1.473684210526317,0,0.9921197160656473,1
0.10526315789473684,1.4736842105263157,1.0000000000000058,4.3701660341172635e-32,6,4.500000000000039,-2.220446049250313e-15,-1.5344579230726016,-1.5344579230726039,0,0.9990923915814048,1
0.21052631578947367,1.4736842105263157,1.000000000000003,5.38258119285238e-32,6,4.500000000000014,-2.6645352591003757e-15,-1.5952316356188734,-1.595231635618876,0,0.7790476025681545,1
0.3157894736842105,1.4736842105263157,1.000000000000004,3.91859642757453e-32,6,4.500000000000019,-1.3322676295501878e-15,-1.6560053481651507,-1.656005348165152,0,0.8896943710883941,1
0.42105263157894735,1.4736842105263157,1.000000000000003,5.473116341679886e-32,6,4.500000000000016,-2.6645352591003757e-15,-1.7167790607114275,-1.7167790607114302,0,0.9999247933649528,1
0.5263157894736842,1.4736842105263157,1.0000000000000027,5.062164116254189e-32,6,4.500000000000013,-1.1102230246251565e-15,-1.7775527732577039,-1.777552773257705,0,0.8020887414727667,1
0.631578947368421,1.4736842105263157,1.0000000000000062,3.398347494819846e-32,6,4.500000000000029,2.4424906541753444e-15,-1.8383264858039852,-1.8383264858039827,0,0.9654141741416885,1
0.7368421052631579,1.4736842105263157,1.0000000000000002,2.742825051755404e-32,6,4.5000000000000036,-7.549516567451064e-15,-1.89910019835025,-1.8991001983502576,0,0.9481419229131494,1
0.8421052631578947,1.4736842105263157,1.000000000000004,1.097882302980911e-31,6,4.5000000000000195,2.220446049250313e-16,-1.9598739108965337,-1.9598739108965335,0,0.9813175420230853,1
0.9473684210526315,1.4736842105263157,1.000000000000005,2.728273419448333e-32,6,4.500000000000025,4.440892098500626e-15,-2.0206476234428115,-2.020647623442807,0,0.9999861682434058,1
1.0526315789473684,1.4736842105263157,1.0000000000000022,4.790984046249647e-32,6,4.500000000000011,-7.105427357601002e-15,-2.081421335989085,-2.0814213359890923,0,0.9955770584915346,1
1.1578947368421053,1.4736842105263157,1.0000000000000036,2.3124847270267136e-32,6,4.500000000000017,9.325873406851315e-15,-2.1421950485353696,-2.1421950485353602,0,0.5362047955457427,1
1.263157894736842,1.4736842105263157,1.0000000000000009,1.317750453512076e-31,6,4.500000000000006,-9.325873406851315e-15,-2.2029687610816353,-2.2029687610816446,0,0.999652594404093,1
1.3684210526315788,1.4736842105263157,1.0000000000000007,6.021523943021289e-32,6,4.5000000000000036,-1.0658141036401503e-14,-2.26374247362791,-2.2637424736279206,0,0.9475694163341253,1
1.4736842105263157,1.4736842105263157,0.9999999999999998,2.3743407538912137e-32,6,4.500000000000001,-5.773159728050814e-15,-2.324516186174184,-2.32451618617419,0,0.6227842217289167,1
1.5789473684210527,1.4736842105263157,1.0000000000000004,6.043712993674098e-32,6,4.500000000000004,-1.199040866595169e-14,-2.385289898720465,-2.385289898720477,0,0.9874442430660535,1
1.6842105263157894,1.4736842105263157,1.0,4.4771756667031504e-32,6,4.500000000000002,0.0,-2.446063611266741,-2.446063611266741,0,0.914007405427769,1
1.789473684210526,1.4736842105263157,1.0000000000000042,8.8450185096101e-32,6,4.50000000000002,8.43769498715119e-15,-2.506837323813027,-2.5068373238130186,0,0.5172288369178656,1
1.894736842105263,1.4736842105263157,1.0000000000000013,2.568625065962801e-32,6,4.500000000000009,1.3322676295501878e-15,-2.567611036359299,-2.5676110363592977,0,0.9343793082478755,1
2.0,1.4736842105263157,0.9999999999999999,6.61688129091962e-32,6,4.500000000000001,-9.325873406851315e-15,-2.6283847489055665,-2.628384748905576,0,0.9998395053405025,1
0.0,1.5789473684210527,1.0000000000000002,5.7523007839514345e-33,6,1.3453555046470025,1.3322676295501878e-15,-1.578947368421054,-1.5789473684210527,0,0.9842458368526801,1
0.10526315789473684,1.5789473684210527,1.000000000000003,8.179792524514608e-32,6,4.500000000000016,-5.773159728050814e-15,-1.6397210809673333,-1.639721080967339,0,0.8771472489121216,1
0.21052631578947367,1.5789473684210527,1.0000000000000018,2.5794888725241306e-32,6,4.500000000000011,-1.3988810110276972e-14,-1.700494793513607,-1.700494793513621,0,0.8820768585068322,1
0.3157894736842105,1.5789473684210527,1.0000000000000036,3.895207882601469e-32,6,4.500000000000021,-1.1102230246251565e-15,-1.7612685060598878,-1.761268506059889,0,0.9959415863224652,1
0.42105263157894735,1.5789473684210527,1.0000000000000016,5.636716925316054e-32,6,4.500000000000009,-4.218847493575595e-15,-1.822042218606161,-1.822042218606165,0,0.9919903740034942,1
0.5263157894736842,1.5789473684210527,0.9999999999999996,9.204942059745634e-32,6,4.5,-4.6629367034256575e-15,-1.882815931152434,-1.8828159311524386,0,0.9882729045199745,1
0.631578947368421,1.5789473684210527,1.000000000000003,3.1803366408972137e-32,6,4.500000000000016,1.3322676295501878e-15,-1.943589643698718,-1.9435896436987166,0,0.9942686111804838,1
0.7368421052631579,1.5789473684210527,1.000000000000003,2.694749854342154e-32,6,4.500000000000016,0.0,-2.004363356244996,-2.004363356244996,0,0.9305282975514121,1
0.8421052631578947,1.5789473684210527,1.0000000000000036,2.8672054813512487e-32,6,4.500000000000018,-3.9968028886505635e-15,-2.0651370687912682,-2.0651370687912722,0,0.9999439933371911,1
0.9473684210526315,1.5789473684210527,1.0000000000000027,1.1220828512317874e-31,6,4.500000000000016,5.329070518200751e-15,-2.1259107813375455,-2.12591078133754,0,0.9999283328049983,1
1.0526315789473684,1.5789473684210527,1.0000000000000044,1.2751630830632013e-32,6,4.500000000000022,4.884981308350689e-15,-2.1866844938838255,-2.1866844938838206,0,0.9998152561286637,1
1.1578947368421053,1.5789473684210527,1.000000000000001,1.8381232690204613e-32,6,4.500000000000005,-1.4210854715202004e-14,-2.2474582064300987,-2.247458206430113,0,0.7362377573651006,1
1.263157894736842,1.5789473684210527,0.9999999999999988,4.276414674015193e-32,6,4.4999999999999964,-8.881784197001252e-15,-2.3082319189763685,-2.3082319189763774,0,0.8164178029396228,1
1.3684210526315788,1.5789473684210527,1.000000000000002,1.0188522420028508e-31,6,4.500000000000011,2.220446049250313e-15,-2.369005631522653,-2.3690056315226506,0,0.9533420387170487,1
1.4736842105263157,1.5789473684210527,1.000000000000002,8.686805663663102e-32,6,4.500000000000011,-8.43769498715119e-15,-2.4297793440689266,-2.429779344068935,0,0.898171968155942,1
1.5789473684210527,1.5789473684210527,1.000000000000003,9.499304658112291e-32,6,4.500000000000016,-5.773159728050814e-15,-2.49055305661521,-2.490553056615216,0,0.9734083576891535,1
1.6842105263157894,1.5789473684210527,1.0000000000000029,5.530814897192047e-32,6,4.500000000000014,-6.661338147750939e-15,-2.5513267691614816,-2.5513267691614883,0,0.9829018048682547,1
1.789473684210526,1.5789473684210527,1.0000000000000022,5.154366250925998e-32,6,4.5000000000000115,-1.2434497875801753e-14,-2.61210048170776,-2.6121004817077726,0,0.9721850095566309,1
1.894736842105263,1.5789473684210527,1.0000000000000018,3.337475648831468e-32,6,4.500000000000011,-1.7763568394002505e-15,-2.6728741942540295,-2.6728741942540313,0,0.998846050408885,1
2.0,1.5789473684210527,1.0000000000000013,2.1821322425501057e-32,6,4.500000000000007,-6.217248937900877e-15,-2.7336479068003077,-2.733647906800314,0,0.9993337455745486,1
0.0,1.6842105263157894,0.9999999999999999,6.656429256777047e-32,6,1.7456217041969109,-4.440892098500626e-16,-1.684210526315791,-1.6842105263157914,0,0.9995040905200692,1
0.10526315789473684,1.6842105263157894,1.0000000000000036,4.73718843054749e-32,6,4.500000000000016,-4.440892098500626e-15,-1.744984238862072,-1.7449842388620764,0,0.8151745290479576,1
0.21052631578947367,1.6842105263157894,1.0000000000000022,8.662583928215514e-32,6,4.500000000000014,-6.661338147750939e-15,-1.8057579514083486,-1.8057579514083553,0,0.9968211804105833,1
0.3157894736842105,1.6842105263157894,1.0000000000000038,5.775147366637122e-32,6,4.500000000000018,-1.1102230246251565e-14,-1.8665316639546237,-1.8665316639546348,0,0.9949899052298647,1
0.42105263157894735,1.6842105263157894,1.0000000000000024,8.191730033454549e-32,6,4.500000000000012,-5.551115123125783e-15,-1.9273053765008998,-1.9273053765009054,0,0.7220307862576772,1
0.5263157894736842,1.6842105263157894,1.000000000000001,1.2052323115598862e-31,6,4.500000000000007,-2.220446049250313e-16,-1.9880790890471756,-1.9880790890471758,0,0.9311750108996444,1
0.631578947368421,1.6842105263157894,1.0000000000000004,1.139803116647552e-31,6,4.5000000000000036,-6.661338147750939e-15,-2.048852801593449,-2.0488528015934557,0,0.8145381688057011,1
0.7368421052631579,1.6842105263157894,1.000000000000001,5.481744785922503e-32,6,4.500000000000005,-7.993605777301127e-15,-2.1096265141397286,-2.1096265141397366,0,0.7051068158409177,1
0.8421052631578947,1.6842105263157894,1.0000000000000007,1.3258285040179487e-32,6,4.500000000000004,-7.105427357601002e-15,-2.170400226686001,-2.170400226686008,0,0.9814137513902043,1
0.9473684210526315,1.6842105263157894,1.0000000000000022,6.627138167789146e-32,6,4.500000000000011,8.881784197001252e-16,-2.2311739392322845,-2.2311739392322836,0,0.921522277237326,1
1.0526315789473684,1.6842105263157894,1.0000000000000016,7.983447303800232e-32,6,4.500000000000008,-1.3322676295501878e-15,-2.291947651778566,-2.2919476517785675,0,0.9223519557649579,1
1.1578947368421053,1.6842105263157894,1.0000000000000022,5.149521692029001e-32,6,4.5000000000000115,3.9968028886505635e-15,-2.352721364324842,-2.352721364324838,0,0.737491797675849,1
1.263157894736842,1.6842105263157894,1.0000000000000016,5.520659893363549e-32,6,4.500000000000008,1.6431300764452317e-14,-2.4134950768711136,-2.413495076871097,0,0.8387372350465194,1
1.3684210526315788,1.6842105263157894,1.0000000000000018,2.4041859339558478e-32,6,4.500000000000011,-5.329070518200751e-15,-2.4742687894173847,-2.47426878941739,0,0.9465177731787531,1
1.4736842105263157,1.6842105263157894,1.0000000000000044,2.8643814930414464e-31,6,4.500000000000022,3.9968028886505635e-15,-2.5350425019636766,-2.5350425019636726,0,0.9971538285038282,1
1.5789473684210527,1.6842105263157894,1.0000000000000024,3.364285504627337e-32,6,4.500000000000012,-4.440892098500626e-16,-2.595816214509937,-2.5958162145099375,0,0.9682721000618251,1
1.6842105263157894,1.6842105263157894,1.0000000000000036,1.2671170889766159e-31,6,4.500000000000016,-4.440892098500626e-15,-2.656589927056221,-2.6565899270562254,0,0.8003026046975374,1
1.789473684210526,1.6842105263157894,1.000000000000003,5.831000527484767e-32,6,4.500000000000016,7.105427357601002e-15,-2.717363639602501,-2.717363639602494,0,0.6748247519514643,1
1.894736842105263,1.6842105263157894,1.0000000000000038,4.6224242154695773e-32,6,4.500000000000019,3.9968028886505635e-15,-2.7781373521487756,-2.7781373521487716,0,0.9076434285332312,1
2.0,1.6842105263157894,1.000000000000003,9.78598944279944e-32,6,4.500000000000016,2.220446049250313e-15,-2.8389110646950524,-2.83891106469505,0,0.9931340889111927,1
0.0,1.789473684210526,0.9999999999999998,4.0960004564118667e-32,6,1.2611814699883852,0.0,-1.7894736842105265,-1.7894736842105265,0,0.9976678671124747,1
0.10526315789473684,1.789473684210526,1.0000000000000049,3.659447065931956e-32,6,4.500000000000024,-7.549516567451064e-15,-1.8502473967568132,-1.8502473967568207,0,0.948900131970876,1
0.21052631578947367,1.789473684210526,1.0000000000000022,9.452625674677978e-32,6,4.500000000000011,-4.6629367034256575e-15,-1.9110211093030836,-1.9110211093030882,0,0.9920709515945422,1
0.3157894736842105,1.789473684210526,1.000000000000003,6.189916324854198e-32,6,4.500000000000015,-1.9984014443252818e-15,-1.971794821849363,-1.971794821849365,0,0.99508149585094,1
0.42105263157894735,1.789473684210526,1.0000000000000013,1.3850529369042203e-31,6,4.500000000000006,-3.9968028886505635e-15,-2.032568534395637,-2.032568534395641,0,0.9705002179950992,1
0.5263157894736842,1.789473684210526,1.000000000000001,1.1998395440006452e-31,6,4.500000000000007,-4.884981308350689e-15,-2.093342246941909,-2.093342246941914,0,0.9683009043632931,1
0.631578947368421,1.789473684210526,1.000000000000001,5.159355328509231e-32,6,4.500000000000006,-5.773159728050814e-15,-2.154115959488189,-2.1541159594881947,0,0.6344813823573343,1
0.7368421052631579,1.789473684210526,1.0000000000000013,3.3912943479483517e-32,6,4.500000000000007,2.6645352591003757e-15,-2.2148896720344675,-2.214889672034465,0,0.7586074689584832,1
0.8421052631578947,1.789473684210526,1.0000000000000049,3.243197572465789e-32,6,4.500000000000024,-5.329070518200751e-15,-2.2756633845807412,-2.2756633845807466,0,0.9136585940493692,1
0.9473684210526315,1.789473684210526,1.000000000000002,6.0675688058276e-32,6,4.500000000000011,4.440892098500626e-16,-2.336437097127019,-2.3364370971270185,0,0.8390334240869441,1
1.0526315789473684,1.789473684210526,1.0000000000000002,4.6723439025157475e-32,6,4.500000000000002,-4.440892098500626e-15,-2.3972108096732914,-2.397210809673296,0,0.9978576530464159,1
1.1578947368421053,1.789473684210526,1.000000000000003,8.063010567574268e-32,6,4.500000000000013,3.1086244689504383e-15,-2.4579845222195735,-2.4579845222195704,0,0.41441182064042814,1
1.263157894736842,1.789473684210526,1.0000000000000009,2.9384742222787265e-32,6,4.500000000000005,-5.329070518200751e-15,-2.5187582347658464,-2.5187582347658517,0,0.924145247914672,1
1.3684210526315788,1.789473684210526,1.0000000000000007,9.244238160418495e-32,6,4.5000000000000036,-5.773159728050814e-15,-2.5795319473121237,-2.5795319473121294,0,0.8228418696313105,1
1.4736842105263157,1.789473684210526,1.0,4.656687715602952e-32,6,4.500000000000002,-3.9968028886505635e-15,-2.6403056598583956,-2.6403056598583996,0,0.9422792885362363,1
1.5789473684210527,1.789473684210526,1.0000000000000022,1.0967580750999285e-31,6,4.5000000000000115,-9.769962616701378e-15,-2.7010793724046747,-2.7010793724046844,0,0.819325676352825,1
1.6842105263157894,1.789473684210526,1.000000000000002,1.7167133716171492e-32,6,4.50000000000001,-3.552713678800501e-15,-2.761853084950953,-2.7618530849509564,0,0.7525014169663126,1
1.789473684210526,1.789473684210526,1.0000000000000013,7.816407135318546e-32,6,4.500000000000009,-2.220446049250313e-15,-2.8226267974972323,-2.8226267974972346,0,0.9914593602224979,1
1.894736842105263,1.789473684210526,1.0000000000000022,1.5580559423414488e-31,6,4.5000000000000115,-8.43769498715119e-15,-2.8834005100435065,-2.883400510043515,0,0.9733643791022419,1
2.0,1.789473684210526,1.0000000000000036,1.1386606394994485e-31,6,4.500000000000016,1.4654943925052066e-14,-2.944174222589792,-2.944174222589777,0,0.994904970010436,1
0.0,1.894736842105263,0.9999999999999999,3.1937369525122046e-32,6,1.5318543002995035,-8.881784197001252e-16,-1.8947368421052637,-1.8947368421052646,0,0.99914602318233,1
0.10526315789473684,1.894736842105263,1.0000000000000049,6.483429827087882e-32,6,4.500000000000025,-7.327471962526033e-15,-1.9555105546515479,-1.9555105546515552,0,0.7753953160413753,1
0.21052631578947367,1.894736842105263,1.0000000000000018,3.4869791506135355e-32,6,4.500000000000011,-7.105427357601002e-15,-2.0162842671978214,-2.0162842671978285,0,0.8622812068671588,1
0.3157894736842105,1.894736842105263,0.9999999999999984,1.3698075839835875e-31,6,4.499999999999995,-1.3766765505351941e-14,-2.077057979744095,-2.077057979744109,0,0.9969744658857832,1
0.42105263157894735,1.894736842105263,1.0000000000000018,5.924184184809499e-32,6,4.500000000000009,-3.1086244689504383e-15,-2.1378316922903715,-2.1378316922903746,0,0.5532790666504788,1
0.5263157894736842,1.894736842105263,1.0000000000000033,5.354666372732433e-32,6,4.500000000000016,-1.7763568394002505e-15,-2.198605404836657,-2.1986054048366586,0,0.9992590745404283,1
0.631578947368421,1.894736842105263,1.0000000000000022,5.842921266985263e-32,6,4.500000000000011,-6.661338147750939e-15,-2.259379117382926,-2.2593791173829327,0,0.9885912439097524,1
0.7368421052631579,1.894736842105263,1.0000000000000004,5.750278583627864e-32,6,4.5000000000000036,-7.105427357601002e-15,-2.320152829929201,-2.3201528299292082,0,0.9703876939052245,1
0.8421052631578947,1.894736842105263,0.9999999999999978,1.9720116662428042e-32,6,4.499999999999992,-9.769962616701378e-15,-2.3809265424754744,-2.380926542475484,0,0.9944027219353434,1
0.9473684210526315,1.894736842105263,1.0000000000000022,2.3178144827429916e-32,6,4.500000000000012,-1.3322676295501878e-15,-2.4417002550217566,-2.441700255021758,0,0.8450000998133574,1
1.0526315789473684,1.894736842105263,1.000000000000003,3.03422631026887e-32,6,4.500000000000016,-2.220446049250313e-15,-2.502473967568035,-2.5024739675680374,0,0.8812101352647045,1
1.1578947368421053,1.894736842105263,1.0000000000000022,5.42455844616551e-32,6,4.500000000000011,5.329070518200751e-15,-2.563247680114312,-2.5632476801143067,0,0.9947983808253603,1
1.263157894736842,1.894736842105263,1.0,2.1677256073959477e-32,6,4.500000000000002,-1.0658141036401503e-14,-2.624021392660581,-2.6240213926605915,0,0.9902185859421238,1
1.3684210526315788,1.894736842105263,1.0000000000000029,8.899486983776436e-32,6,4.500000000000014,1.3322676295501878e-15,-2.684795105206863,-2.6847951052068617,0,0.9573128079502609,1
1.4736842105263157,1.894736842105263,1.0000000000000033,1.4861795810265652e-31,6,4.500000000000016,-5.329070518200751e-15,-2.7455688177531417,-2.745568817753147,0,0.9997230565209602,1
1.5789473684210527,1.894736842105263,1.000000000000004,1.6832382671884473e-31,6,4.5000000000000195,5.329070518200751e-15,-2.8063425302994185,-2.806342530299413,0,0.9999420210194745,1
1.6842105263157894,1.894736842105263,1.0000000000000022,3.3473354246735493e-32,6,4.5000000000000115,-3.9968028886505635e-15,-2.867116242845689,-2.867116242845693,0,0.9996291452482634,1
1.789473684210526,1.894736842105263,1.0000000000000042,6.27791560851762e-32,6,4.50000000000002,1.3766765505351941e-14,-2.9278899553919784,-2.9278899553919646,0,0.9997971438160601,1
1.894736842105263,1.894736842105263,1.0000000000000038,2.1585380275936974e-31,6,4.500000000000019,3.552713678800501e-15,-2.9886636679382534,-2.98866366793825,0,0.4395013558932407,1
2.0,1.894736842105263,1.0000000000000024,5.452135334002433e-32,6,4.500000000000011,-7.105427357601002e-15,-3.049437380484516,-3.049437380484523,0,0.4292429052557274,1
0.0,2.0,1.0000000000000004,6.409130587321352e-32,6,1.41303139130689,4.440892098500626e-16,-2.000000000000001,-2.0000000000000004,0,0.9870903367533681,1
0.10526315789473684,2.0,1.0000000000000042,2.028096685341462e-32,6,4.500000000000021,-1.554312234475219e-14,-2.060773712546282,-2.0607737125462977,0,0.785181929285098,1
0.21052631578947367,2.0,1.000000000000002,5.432608886145247e-32,6,4.5000000000000115,-1.0658141036401503e-14,-2.1215474250925617,-2.1215474250925723,0,0.9451633704522627,1
0.3157894736842105,2.0,1.0000000000000024,1.1466207654805875e-31,6,4.500000000000011,-8.43769498715119e-15,-2.1823211376388345,-2.182321137638843,0,0.9656831405225446,1
0.42105263157894735,2.0,1.0000000000000036,1.184279352654198e-31,6,4.500000000000017,-5.329070518200751e-15,-2.243094850185113,-2.2430948501851184,0,0.6806627777167785,1
0.5263157894736842,2.0,1.0000000000000042,3.231742436426607e-32,6,4.5000000000000195,3.1086244689504383e-15,-2.303868562731392,-2.303868562731389,0,0.9494525570311226,1
0.631578947368421,2.0,1.0000000000000027,4.04972859145139e-32,6,4.500000000000012,-4.440892098500626e-16,-2.364642275277668,-2.3646422752776686,0,0.9648335533695617,1
0.7368421052631579,2.0,1.0000000000000022,5.784909944379258e-32,6,4.500000000000011,-1.3322676295501878e-14,-2.4254159878239365,-2.42541598782395,0,0.989428965486779,1
0.8421052631578947,2.0,1.0000000000000047,1.3956936311249781e-32,6,4.500000000000022,5.773159728050814e-15,-2.4861897003702245,-2.4861897003702187,0,0.9959989966061001,1
0.9473684210526315,2.0,1.000000000000005,2.314869330207462e-32,6,4.500000000000025,9.769962616701378e-15,-2.546963412916507,-2.5469634129164973,0,0.9773166128856797,1
1.0526315789473684,2.0,1.0000000000000044,3.0994533576224253e-31,6,4.500000000000022,-4.884981308350689e-15,-2.6077371254627733,-2.607737125462778,0,0.3112093662852665,1
1.1578947368421053,2.0,1.0000000000000033,1.945951678039607e-32,6,4.500000000000017,3.1086244689504383e-15,-2.6685108380090514,-2.6685108380090483,0,0.9970467185169245,1
1.263157894736842,2.0,1.0000000000000033,3.06941497912093e-32,6,4.500000000000017,-4.440892098500626e-15,-2.7292845505553203,-2.7292845505553247,0,0.9796921990418548,1
1.3684210526315788,2.0,1.0000000000000029,1.4905103774180699e-31,6,4.500000000000015,3.552713678800501e-15,-2.790058263101602,-2.7900582631015984,0,0.5594711418407831,1
1.4736842105263157,2.0,1.0000000000000036,2.3818537889669533e-32,6,4.500000000000018,2.6645352591003757e-15,-2.8508319756478824,-2.8508319756478797,0,0.9937196073394587,1
1.5789473684210527,2.0,1.000000000000001,1.33367749769737e-31,6,4.500000000000005,-1.7763568394002505e-15,-2.911605688194148,-2.91160568819415,0,0.9668848693027957,1
1.6842105263157894,2.0,1.0000000000000027,1.1934289399089226e-31,6,4.500000000000012,4.440892098500626e-16,-2.9723794007404294,-2.972379400740429,0,0.9704333695122007,1
1.789473684210526,2.0,1.0000000000000047,1.351129149274538e-31,6,4.500000000000021,5.773159728050814e-15,-3.0331531132867138,-3.033153113286708,0,0.7320229828106671,1
1.894736842105263,2.0,1.0000000000000027,3.859291953159911e-32,6,4.500000000000012,5.329070518200751e-15,-3.0939268258329853,-3.09392682583298,0,0.8142142829078405,1
2.0,2.0,1.0000000000000038,9.230171877594423e-32,6,4.5000000000000195,8.43769498715119e-15,-3.154700538379268,-3.1547005383792595,0,0.9163747956258035,1
